-- phpMyAdmin SQL Dump
-- version 4.9.0.1
-- https://www.phpmyadmin.net/
--
-- Host: 127.0.0.1
-- Generation Time: Feb 01, 2020 at 09:03 AM
-- Server version: 10.4.6-MariaDB
-- PHP Version: 7.1.32

SET SQL_MODE = "NO_AUTO_VALUE_ON_ZERO";
SET AUTOCOMMIT = 0;
START TRANSACTION;
SET time_zone = "+00:00";


/*!40101 SET @OLD_CHARACTER_SET_CLIENT=@@CHARACTER_SET_CLIENT */;
/*!40101 SET @OLD_CHARACTER_SET_RESULTS=@@CHARACTER_SET_RESULTS */;
/*!40101 SET @OLD_COLLATION_CONNECTION=@@COLLATION_CONNECTION */;
/*!40101 SET NAMES utf8mb4 */;

--
-- Database: `eapi`
--

-- --------------------------------------------------------

--
-- Table structure for table `migrations`
--

CREATE TABLE `migrations` (
  `id` int(10) UNSIGNED NOT NULL,
  `migration` varchar(255) COLLATE utf8mb4_unicode_ci NOT NULL,
  `batch` int(11) NOT NULL
) ENGINE=InnoDB DEFAULT CHARSET=utf8mb4 COLLATE=utf8mb4_unicode_ci;

--
-- Dumping data for table `migrations`
--

INSERT INTO `migrations` (`id`, `migration`, `batch`) VALUES
(1, '2014_10_12_000000_create_users_table', 1),
(2, '2014_10_12_100000_create_password_resets_table', 1),
(3, '2020_01_31_101113_create_products_table', 1);

-- --------------------------------------------------------

--
-- Table structure for table `password_resets`
--

CREATE TABLE `password_resets` (
  `email` varchar(255) COLLATE utf8mb4_unicode_ci NOT NULL,
  `token` varchar(255) COLLATE utf8mb4_unicode_ci NOT NULL,
  `created_at` timestamp NULL DEFAULT NULL
) ENGINE=InnoDB DEFAULT CHARSET=utf8mb4 COLLATE=utf8mb4_unicode_ci;

-- --------------------------------------------------------

--
-- Table structure for table `products`
--

CREATE TABLE `products` (
  `id` int(10) UNSIGNED NOT NULL,
  `name` varchar(255) COLLATE utf8mb4_unicode_ci NOT NULL,
  `detail` text COLLATE utf8mb4_unicode_ci NOT NULL,
  `price` varchar(255) COLLATE utf8mb4_unicode_ci NOT NULL,
  `stock` varchar(255) COLLATE utf8mb4_unicode_ci NOT NULL,
  `discount` varchar(255) COLLATE utf8mb4_unicode_ci NOT NULL,
  `created_at` timestamp NULL DEFAULT NULL,
  `updated_at` timestamp NULL DEFAULT NULL
) ENGINE=InnoDB DEFAULT CHARSET=utf8mb4 COLLATE=utf8mb4_unicode_ci;

--
-- Dumping data for table `products`
--

INSERT INTO `products` (`id`, `name`, `detail`, `price`, `stock`, `discount`, `created_at`, `updated_at`) VALUES
(1, 'quae', 'Est incidunt ipsam accusantium. Magni earum recusandae qui ut. Ut et dolor sunt nihil velit iure doloremque nihil. Eveniet quia velit aperiam consequatur ipsam tenetur esse.', '419', '4', '310', '2020-02-01 02:31:26', '2020-02-01 02:31:26'),
(2, 'dicta', 'Voluptates minima qui expedita vero eius non. Fuga odit eveniet tempore rerum voluptas. Quod exercitationem provident unde iure. Aut exercitationem ut adipisci delectus recusandae ut vero.', '379', '3', '355', '2020-02-01 02:31:26', '2020-02-01 02:31:26'),
(3, 'hic', 'Adipisci tempora quibusdam quos est ipsa ad optio. Quas iusto a sed placeat blanditiis. Ipsum hic praesentium ea corrupti mollitia fuga. Labore laboriosam inventore molestiae.', '344', '4', '726', '2020-02-01 02:31:26', '2020-02-01 02:31:26'),
(4, 'modi', 'Qui aut distinctio animi. Animi mollitia vel deleniti sit in quia eos soluta. Enim et quasi non iusto beatae deserunt neque. Adipisci reprehenderit itaque dolorem omnis tempora quod.', '215', '0', '808', '2020-02-01 02:31:26', '2020-02-01 02:31:26'),
(5, 'tenetur', 'Dolore nesciunt sit exercitationem exercitationem accusamus nam ut. Ut eaque rem et nulla rerum. Et placeat doloribus ipsam minus.', '951', '6', '397', '2020-02-01 02:31:27', '2020-02-01 02:31:27'),
(6, 'aspernatur', 'Est vitae voluptatum quo officia fugiat eum. Recusandae enim eveniet provident nisi officia eos. Id molestias quo nobis qui. Saepe doloremque error a dolor.', '166', '0', '155', '2020-02-01 02:31:27', '2020-02-01 02:31:27'),
(7, 'explicabo', 'Dolor corrupti odit accusamus voluptatibus fugit ea doloremque. Nihil corrupti qui aperiam vitae et enim nulla eveniet. Unde suscipit blanditiis molestiae et.', '572', '5', '447', '2020-02-01 02:31:27', '2020-02-01 02:31:27'),
(8, 'qui', 'Minima culpa nisi nam ipsum maxime. Et sunt accusantium officiis mollitia. Modi occaecati aliquam impedit veritatis quibusdam.', '825', '8', '278', '2020-02-01 02:31:27', '2020-02-01 02:31:27'),
(9, 'quam', 'Quasi voluptates necessitatibus sit itaque. Minima quam ducimus est voluptatum totam accusamus vel iure. Ullam voluptate fugiat optio voluptas nemo repellendus.', '984', '8', '838', '2020-02-01 02:31:27', '2020-02-01 02:31:27'),
(10, 'itaque', 'Similique nostrum dolor minus. Esse enim maxime repellat deleniti omnis. Inventore consectetur eaque et placeat. Aliquam aspernatur dicta saepe molestiae.', '162', '0', '679', '2020-02-01 02:31:27', '2020-02-01 02:31:27'),
(11, 'iure', 'Ipsam quis aut tenetur similique natus. Aliquid rerum pariatur inventore et tempore aut ea hic. Qui est quo repudiandae sequi quia at officia accusamus.', '630', '3', '466', '2020-02-01 02:31:27', '2020-02-01 02:31:27'),
(12, 'ut', 'Explicabo numquam velit veniam cupiditate dignissimos quisquam. Mollitia sapiente ut recusandae at.', '188', '1', '308', '2020-02-01 02:31:27', '2020-02-01 02:31:27'),
(13, 'odio', 'Sed et ut quasi sit. Dicta quibusdam iste et molestias inventore. Facilis minima dolorum vel praesentium. Iure dolore totam fugit consectetur similique rerum.', '855', '9', '319', '2020-02-01 02:31:27', '2020-02-01 02:31:27'),
(14, 'ea', 'Aperiam omnis repellendus facilis consequatur non in est et. Vitae adipisci quia quos esse enim dignissimos quidem. Nihil ipsam ipsa ab quaerat asperiores debitis quod. Dolore excepturi est sit dicta et enim molestias atque.', '992', '4', '242', '2020-02-01 02:31:27', '2020-02-01 02:31:27'),
(15, 'provident', 'Sapiente dolor et voluptate exercitationem ut. Ratione ratione ex quasi commodi qui aliquam. Eaque praesentium non autem quidem quo.', '139', '8', '159', '2020-02-01 02:31:27', '2020-02-01 02:31:27'),
(16, 'quia', 'Autem nihil nobis ipsa voluptas. Et officiis optio non quaerat aliquam. Qui consequuntur velit officia quia repellat libero a.', '556', '5', '485', '2020-02-01 02:31:27', '2020-02-01 02:31:27'),
(17, 'molestiae', 'Eos exercitationem autem quos autem dolore quos reprehenderit. Omnis ipsam rem ut ea similique ab inventore. Laudantium itaque quaerat magnam officiis iure. Dignissimos repellat tenetur asperiores totam. Sint maxime aliquam aut quia.', '624', '7', '798', '2020-02-01 02:31:27', '2020-02-01 02:31:27'),
(18, 'nihil', 'Assumenda quo iusto autem quis doloremque. Beatae autem placeat possimus quas cum. Voluptatem non sed voluptas praesentium. Dignissimos esse explicabo quia at quis molestiae.', '922', '1', '771', '2020-02-01 02:31:27', '2020-02-01 02:31:27'),
(19, 'in', 'Dolor dolor quaerat maiores ducimus error. Officiis soluta dolor sequi omnis perspiciatis doloremque. Placeat temporibus sit vero expedita. Ut vel voluptas officia nam distinctio fugiat.', '836', '8', '259', '2020-02-01 02:31:27', '2020-02-01 02:31:27'),
(20, 'nemo', 'Rerum rerum ullam aut expedita autem. Dolorem ratione magni adipisci ipsam magnam et. Et nihil expedita quo voluptates non voluptatem.', '379', '4', '658', '2020-02-01 02:31:27', '2020-02-01 02:31:27'),
(21, 'temporibus', 'Quibusdam sequi dolorum labore reiciendis qui. Omnis autem et dolor omnis. Soluta eius debitis exercitationem cupiditate eius non sint. Dolorem ipsa asperiores saepe placeat illum.', '436', '6', '668', '2020-02-01 02:31:27', '2020-02-01 02:31:27'),
(22, 'vel', 'Blanditiis atque rerum nemo ex. Reiciendis omnis fugit perferendis non. Vel atque aut soluta deleniti deserunt doloremque fugiat. Libero voluptatibus neque accusantium sit.', '144', '7', '325', '2020-02-01 02:31:27', '2020-02-01 02:31:27'),
(23, 'ut', 'Aut eos mollitia sed adipisci. Harum maxime et similique dignissimos cumque commodi dolor. Quia est rerum debitis deserunt aut expedita.', '886', '7', '867', '2020-02-01 02:31:27', '2020-02-01 02:31:27'),
(24, 'atque', 'Reprehenderit quisquam autem ipsa in eius. Cumque est laborum accusamus consequatur. Nesciunt voluptates exercitationem architecto iste corrupti et.', '589', '3', '477', '2020-02-01 02:31:27', '2020-02-01 02:31:27'),
(25, 'perspiciatis', 'Labore eius reprehenderit tempore quidem magni officiis aut. Sunt vitae ullam aliquid blanditiis. Ipsam necessitatibus eos similique ex consequatur praesentium. Ipsa quaerat id sequi praesentium illo.', '583', '4', '498', '2020-02-01 02:31:27', '2020-02-01 02:31:27'),
(26, 'qui', 'Numquam necessitatibus et dolore et facere dolor ratione cum. Consequatur voluptas qui iure qui delectus qui ea. Quia consequatur rerum temporibus rem.', '422', '2', '654', '2020-02-01 02:31:27', '2020-02-01 02:31:27'),
(27, 'aut', 'Excepturi quo rerum magni omnis deleniti asperiores. Illo ut omnis et est. Accusantium dignissimos rerum eos beatae aliquam doloribus esse.', '670', '1', '249', '2020-02-01 02:31:27', '2020-02-01 02:31:27'),
(28, 'vitae', 'Et perferendis sit quidem quaerat fugiat. Vitae aut doloremque atque. Sed nemo inventore quaerat minus. Eos non et consectetur.', '270', '7', '233', '2020-02-01 02:31:27', '2020-02-01 02:31:27'),
(29, 'est', 'Incidunt eius assumenda consequatur. Eos eos nihil omnis ab magni molestiae in. Totam eveniet reprehenderit autem error sed aut facilis. Enim molestiae molestiae perspiciatis impedit vel animi ex quae. Sequi consequatur a labore hic alias.', '460', '1', '191', '2020-02-01 02:31:27', '2020-02-01 02:31:27'),
(30, 'quidem', 'Commodi quam quae praesentium ut earum. Beatae est voluptatem quia quis qui maxime dolores laudantium. Animi aut facere nobis quae deserunt.', '998', '7', '377', '2020-02-01 02:31:27', '2020-02-01 02:31:27'),
(31, 'at', 'Earum laudantium possimus rerum enim. Impedit enim nihil magni quis. Iste id itaque voluptatem cupiditate asperiores et. Laborum ratione ut esse.', '832', '9', '814', '2020-02-01 02:31:27', '2020-02-01 02:31:27'),
(32, 'adipisci', 'Sint sit dolores reprehenderit numquam. In sit et dolore sequi. Porro alias adipisci soluta dolorem illo inventore.', '389', '0', '767', '2020-02-01 02:31:27', '2020-02-01 02:31:27'),
(33, 'consequatur', 'Distinctio beatae beatae pariatur. Qui et veritatis et rerum quisquam expedita. Est ipsam optio aperiam laborum architecto doloribus ipsa. In esse aliquid odio amet odit quidem voluptatem autem. Assumenda neque dolorem est quo.', '979', '1', '325', '2020-02-01 02:31:27', '2020-02-01 02:31:27'),
(34, 'sed', 'Quia et optio illo non doloremque quis. Mollitia pariatur voluptatem accusantium. Est magni sunt omnis. Quia delectus nemo ea vero nesciunt.', '188', '3', '219', '2020-02-01 02:31:27', '2020-02-01 02:31:27'),
(35, 'saepe', 'Consequatur velit autem praesentium cumque et et non explicabo. Placeat earum enim rem autem inventore corporis et. Laudantium quaerat id ipsa dolorem nihil. Aut pariatur est qui accusamus architecto adipisci fugiat natus.', '628', '2', '895', '2020-02-01 02:31:28', '2020-02-01 02:31:28'),
(36, 'et', 'In optio dignissimos harum est cupiditate. Nisi cupiditate accusantium voluptas eius pariatur aut qui. Quia eligendi nam et aut dolores mollitia.', '487', '1', '677', '2020-02-01 02:31:28', '2020-02-01 02:31:28'),
(37, 'voluptatum', 'Vel enim quasi deleniti molestiae expedita. Non esse laborum dicta non minima aliquam ducimus. Alias placeat repellat asperiores voluptatem libero.', '710', '6', '802', '2020-02-01 02:31:28', '2020-02-01 02:31:28'),
(38, 'fugit', 'Enim odit accusantium consectetur omnis. Est et commodi voluptatibus saepe libero. Officia officiis dolores omnis autem quia. Totam explicabo mollitia et eligendi illo.', '273', '4', '987', '2020-02-01 02:31:28', '2020-02-01 02:31:28'),
(39, 'iusto', 'Mollitia quo est cum possimus harum repellat fugiat. Delectus ipsa qui quia veniam qui ut quia. Officiis minus sit est sit animi sint. Eos dolores qui expedita hic quas. Nisi enim quia placeat eius inventore eius dolores.', '869', '0', '775', '2020-02-01 02:31:28', '2020-02-01 02:31:28'),
(40, 'dicta', 'Similique et quia et qui eligendi velit dolor. Maiores laborum et hic perspiciatis pariatur esse corrupti. Facere impedit ullam aliquid repellat officiis a.', '814', '9', '164', '2020-02-01 02:31:28', '2020-02-01 02:31:28'),
(41, 'voluptatem', 'Omnis quia dolore quisquam non. Sed corrupti magnam nostrum iure a blanditiis. Harum voluptas aut ut. Aut beatae voluptates sapiente.', '555', '1', '442', '2020-02-01 02:31:28', '2020-02-01 02:31:28'),
(42, 'voluptas', 'Tempore voluptas qui sint tenetur laudantium illum. Eaque quaerat molestiae et sunt eaque. Nulla nemo est aut quo harum neque. Et suscipit commodi facere necessitatibus omnis omnis blanditiis.', '929', '7', '196', '2020-02-01 02:31:28', '2020-02-01 02:31:28'),
(43, 'mollitia', 'Eligendi aut autem neque in tenetur velit dicta. Praesentium explicabo tempora pariatur deserunt hic aspernatur. Est labore id aut ut ad delectus.', '442', '7', '671', '2020-02-01 02:31:28', '2020-02-01 02:31:28'),
(44, 'ut', 'Aliquid adipisci possimus qui sunt voluptatem beatae consectetur. Sed consequuntur ratione harum aspernatur ut voluptatem omnis. Vitae eos aut rem ut voluptas.', '130', '5', '228', '2020-02-01 02:31:28', '2020-02-01 02:31:28'),
(45, 'ut', 'Eos vitae perspiciatis minima mollitia nulla ratione quo. Nihil iste consequatur fugit doloremque.', '461', '4', '945', '2020-02-01 02:31:28', '2020-02-01 02:31:28'),
(46, 'iste', 'Mollitia qui quam voluptatum enim facilis et. Sunt et eligendi deleniti temporibus aut. Dolores veniam et earum ratione amet et facere consequatur.', '446', '0', '488', '2020-02-01 02:31:28', '2020-02-01 02:31:28'),
(47, 'a', 'Aut maiores aut consequatur quia voluptas non. Et ut cum enim at et dicta maiores sit. Et voluptates laudantium eius rerum sint. Et voluptatem soluta facere tempore voluptatem ut.', '655', '7', '504', '2020-02-01 02:31:28', '2020-02-01 02:31:28'),
(48, 'voluptatem', 'Eius corporis quisquam et non. Aut sint et voluptas voluptas eos error a voluptatem. Nostrum harum esse sed non.', '606', '7', '383', '2020-02-01 02:31:28', '2020-02-01 02:31:28'),
(49, 'quo', 'Odio repudiandae corporis nihil voluptatibus unde. Doloribus deserunt qui architecto et. Ut dolor voluptas vel aliquid alias velit et.', '962', '3', '769', '2020-02-01 02:31:28', '2020-02-01 02:31:28'),
(50, 'nihil', 'Aut quis enim ipsa temporibus iure quam tenetur. Alias at eaque dolor omnis. At ab quasi expedita explicabo commodi iste. Qui quis nesciunt expedita ducimus.', '447', '9', '329', '2020-02-01 02:31:28', '2020-02-01 02:31:28');

-- --------------------------------------------------------

--
-- Table structure for table `reviews`
--

CREATE TABLE `reviews` (
  `id` int(10) UNSIGNED NOT NULL,
  `product_id` int(10) UNSIGNED NOT NULL,
  `customer` varchar(255) COLLATE utf8mb4_unicode_ci NOT NULL,
  `review` text COLLATE utf8mb4_unicode_ci NOT NULL,
  `star` int(11) NOT NULL,
  `created_at` timestamp NULL DEFAULT NULL,
  `updated_at` timestamp NULL DEFAULT NULL
) ENGINE=InnoDB DEFAULT CHARSET=utf8mb4 COLLATE=utf8mb4_unicode_ci;

--
-- Dumping data for table `reviews`
--

INSERT INTO `reviews` (`id`, `product_id`, `customer`, `review`, `star`, `created_at`, `updated_at`) VALUES
(1, 37, 'Ramon Bartell', 'Inventore eligendi deleniti atque assumenda. Numquam dolorum et doloremque voluptatibus ab corporis voluptatem. Sint culpa necessitatibus quam esse cupiditate ut. Sed quod aut odio nisi natus qui eaque expedita. Fugiat quos consequatur tempore est.', 0, '2020-02-01 02:31:29', '2020-02-01 02:31:29'),
(2, 9, 'Lisa McClure', 'Eveniet voluptatem et consequatur incidunt voluptatem excepturi eos. Ea illum distinctio sed veniam voluptatem nulla. Aut reprehenderit quod vel dignissimos ut laborum dicta. Aliquid nostrum et omnis iure cupiditate eligendi voluptatem. Aut consequatur aliquam commodi dolorem sit provident.', 4, '2020-02-01 02:31:29', '2020-02-01 02:31:29'),
(3, 32, 'Horace Auer', 'Eos voluptas modi autem esse libero laborum consequuntur. Dolores sapiente possimus nostrum similique. Et beatae non occaecati exercitationem. Aut facilis nobis voluptas velit velit iusto sint.', 1, '2020-02-01 02:31:29', '2020-02-01 02:31:29'),
(4, 21, 'Shaina Cassin', 'In necessitatibus ducimus eveniet sed. Et et officiis ratione molestiae et repudiandae. Consectetur odio recusandae aut rem aliquam amet.', 1, '2020-02-01 02:31:29', '2020-02-01 02:31:29'),
(5, 4, 'Dolores Roob', 'Sapiente ea error minus et reiciendis delectus est. Et distinctio explicabo labore aut voluptatem quia. Labore repellendus illum magni quod architecto velit.', 5, '2020-02-01 02:31:29', '2020-02-01 02:31:29'),
(6, 4, 'Maritza Johnston PhD', 'Magni qui provident quis omnis. Necessitatibus dolores distinctio veniam vel cum eos esse. Voluptas est consequatur possimus possimus et minus consequuntur. Asperiores adipisci fugit est.', 0, '2020-02-01 02:31:29', '2020-02-01 02:31:29'),
(7, 22, 'Ernestina Hirthe', 'Porro quae occaecati optio ipsum vero natus iure. Ex voluptas voluptatem velit deleniti neque. Vel beatae est quo quis ducimus maiores. Ea similique pariatur illum minima quia praesentium veniam.', 2, '2020-02-01 02:31:29', '2020-02-01 02:31:29'),
(8, 31, 'Dr. Corbin Dickinson', 'Assumenda itaque est est aperiam aut. Mollitia error perferendis mollitia voluptate excepturi est. Ducimus quo repudiandae delectus corrupti.', 1, '2020-02-01 02:31:29', '2020-02-01 02:31:29'),
(9, 42, 'Prof. Gavin Green', 'Ut deleniti esse rerum. Numquam odit dicta placeat provident modi. Impedit vel sunt est nostrum modi.', 4, '2020-02-01 02:31:29', '2020-02-01 02:31:29'),
(10, 20, 'Madyson Konopelski DVM', 'Quo velit minus quas ratione nihil voluptatem et. Qui quis debitis incidunt et molestiae vitae facere et. Quos nobis at iste. Ea ut officia at ut animi explicabo mollitia sed. Est eum omnis voluptatibus odit esse accusamus.', 4, '2020-02-01 02:31:29', '2020-02-01 02:31:29'),
(11, 10, 'Blanca Kozey DDS', 'Aut enim ad et optio nihil recusandae magnam necessitatibus. Officia ipsum rerum alias. Fuga animi sit voluptas quod.', 5, '2020-02-01 02:31:29', '2020-02-01 02:31:29'),
(12, 29, 'Ryann Mills', 'Dolor dolore veritatis tempora nobis enim. Ut deserunt dolor est eum est et recusandae.', 5, '2020-02-01 02:31:29', '2020-02-01 02:31:29'),
(13, 47, 'Bianka Littel II', 'Qui quia animi tenetur optio ut. Beatae ea non vero amet numquam id et. Ratione perspiciatis veritatis amet saepe qui. Repellat dignissimos iusto iure placeat cumque ut eveniet. Sequi aut in voluptatibus beatae rerum placeat sint ut.', 5, '2020-02-01 02:31:29', '2020-02-01 02:31:29'),
(14, 15, 'Dr. Layla Stamm', 'Voluptates debitis adipisci tempore dicta. Officia nam voluptatem ut atque architecto. Atque iste asperiores omnis animi at.', 2, '2020-02-01 02:31:30', '2020-02-01 02:31:30'),
(15, 8, 'Gussie Schamberger', 'Sapiente assumenda a qui ab amet beatae quidem facilis. Libero assumenda itaque et. Officia ducimus optio praesentium aspernatur non. Molestias error possimus quos hic facilis.', 4, '2020-02-01 02:31:30', '2020-02-01 02:31:30'),
(16, 32, 'Prof. Selina Gusikowski I', 'Nesciunt voluptas quo dolor aliquam. Voluptatum aut nihil reiciendis autem aliquam. Velit et assumenda distinctio placeat asperiores voluptate beatae. Sit quia aut dolore veniam aut.', 2, '2020-02-01 02:31:30', '2020-02-01 02:31:30'),
(17, 37, 'Immanuel Eichmann', 'Fugiat dolorem cum nam consequatur qui nesciunt. In commodi impedit minus aut omnis earum. Id excepturi reiciendis corrupti autem at voluptatem vero. Non molestias molestias et dolore maxime ipsum placeat.', 4, '2020-02-01 02:31:30', '2020-02-01 02:31:30'),
(18, 49, 'Macy McClure', 'Cum vel omnis quae aliquid. Quo aut natus est quaerat voluptatem. Animi laborum quisquam enim maiores voluptatibus dignissimos.', 2, '2020-02-01 02:31:30', '2020-02-01 02:31:30'),
(19, 34, 'Prof. Adalberto Schaefer II', 'Quas debitis officiis in ut recusandae. Voluptatem sed quia error ipsa tempora et.', 5, '2020-02-01 02:31:30', '2020-02-01 02:31:30'),
(20, 18, 'Gina Schultz IV', 'Sed sed dolor non reiciendis. Nihil in exercitationem sit laborum atque in ut quisquam. Quas voluptas beatae quia.', 1, '2020-02-01 02:31:30', '2020-02-01 02:31:30'),
(21, 47, 'Thaddeus Hahn', 'Maiores accusantium eum a ab id. Voluptatem optio placeat eius. Adipisci voluptas ut amet cum.', 5, '2020-02-01 02:31:30', '2020-02-01 02:31:30'),
(22, 2, 'Janice Tillman', 'Est cum cumque quos quia. Aut hic ducimus sunt omnis est ipsam non.', 4, '2020-02-01 02:31:30', '2020-02-01 02:31:30'),
(23, 6, 'Mr. Destin Robel V', 'Voluptate dolore et velit totam qui deserunt. Nemo maxime ut provident autem exercitationem temporibus et. Et ex odio quas dolores vel praesentium. Quo quibusdam vitae dolore amet cumque. Aperiam sit id accusamus suscipit est magnam.', 4, '2020-02-01 02:31:30', '2020-02-01 02:31:30'),
(24, 36, 'Leone Blanda', 'Necessitatibus voluptatem et numquam ut quod delectus at. Accusamus autem magni autem sed nobis sequi. Aliquam rerum omnis ipsam vero at. Ea voluptatem exercitationem quasi.', 1, '2020-02-01 02:31:30', '2020-02-01 02:31:30'),
(25, 27, 'Oleta Casper', 'Excepturi saepe possimus qui libero exercitationem. Ea quaerat fugit est sed. Et recusandae magni quasi voluptatem. Quibusdam voluptates et voluptatem voluptatem quam dicta pariatur.', 2, '2020-02-01 02:31:30', '2020-02-01 02:31:30'),
(26, 37, 'Norris Schinner', 'Consequatur rerum laboriosam corporis est. Omnis rerum quis vel ut atque ipsum quisquam. Omnis aut necessitatibus sint id in numquam.', 1, '2020-02-01 02:31:30', '2020-02-01 02:31:30'),
(27, 37, 'Yvonne West MD', 'Asperiores aut nihil culpa et deserunt molestiae. Corporis id corrupti eaque porro non. Animi harum commodi quos earum.', 1, '2020-02-01 02:31:30', '2020-02-01 02:31:30'),
(28, 17, 'Ms. Asia Waelchi MD', 'Excepturi voluptas voluptate debitis quae. Ut molestiae est eveniet in voluptatem. Rerum sed laborum officiis est non. Eveniet consectetur dolorem labore fugit quod quos doloribus nesciunt.', 5, '2020-02-01 02:31:30', '2020-02-01 02:31:30'),
(29, 43, 'Jabari Ruecker', 'Maiores autem dolore quis. Vel ut consectetur sed suscipit. Temporibus est nisi qui earum. Modi similique autem totam non sed. Atque molestias nemo et in iusto laboriosam autem.', 4, '2020-02-01 02:31:30', '2020-02-01 02:31:30'),
(30, 5, 'Robin Daugherty', 'Quo qui voluptas quae expedita dolorem reiciendis voluptatem. Officia sunt ut facere perspiciatis maxime suscipit. Consectetur sapiente ut officia illum quas. Architecto quia odio occaecati officiis numquam eos.', 3, '2020-02-01 02:31:30', '2020-02-01 02:31:30'),
(31, 20, 'Alexandro Gutkowski', 'Natus nam exercitationem placeat. Et et natus asperiores voluptatem magnam ipsa. Ipsa et assumenda et qui tempora sint animi. Inventore repellendus ratione occaecati ut et exercitationem vel.', 4, '2020-02-01 02:31:30', '2020-02-01 02:31:30'),
(32, 44, 'Terrill Corkery', 'Cum fugiat et numquam reprehenderit. Nostrum voluptas at minima nesciunt. Praesentium voluptatum architecto similique qui dolorem id numquam. Fugiat perferendis repellendus iure facilis velit cum reiciendis.', 4, '2020-02-01 02:31:30', '2020-02-01 02:31:30'),
(33, 46, 'Mr. Rasheed Kuhn IV', 'Ut labore explicabo quod qui aut est. Nesciunt quam voluptas et delectus vero. Optio error facere odio sequi eos. Et at sunt atque repellendus reprehenderit vitae eos dignissimos.', 4, '2020-02-01 02:31:30', '2020-02-01 02:31:30'),
(34, 1, 'Mr. Garnet Pfannerstill MD', 'Odit incidunt sapiente iure nemo. Illo distinctio adipisci esse sit quaerat. Facere non eligendi molestiae nam et est. Magnam dolor quis consequatur adipisci amet consequatur architecto.', 4, '2020-02-01 02:31:30', '2020-02-01 02:31:30'),
(35, 35, 'Mr. Ariel Beer II', 'Perspiciatis illum et non minus. Ipsa recusandae dolorem ullam. Voluptatibus voluptatem dolorem cumque repudiandae.', 1, '2020-02-01 02:31:30', '2020-02-01 02:31:30'),
(36, 12, 'Ms. Shannon Gerhold PhD', 'Aliquam maxime sed aut est earum libero adipisci. Necessitatibus voluptas mollitia sed odit fugit quidem. Molestiae maiores officiis fugit quaerat sed ut aut qui. Rerum fugiat ut quas ut autem ducimus dolores.', 5, '2020-02-01 02:31:30', '2020-02-01 02:31:30'),
(37, 10, 'Edwin Abbott', 'Qui earum architecto occaecati veniam. Minus aliquam fuga sed. Quas nobis rerum accusantium ea. Aut debitis sapiente et non distinctio.', 4, '2020-02-01 02:31:30', '2020-02-01 02:31:30'),
(38, 41, 'Weston Hamill', 'Doloribus nobis vel tenetur voluptas. Ut dolor veritatis voluptatum neque quidem quasi dignissimos. Recusandae perspiciatis quis dolores et. Harum et quae voluptatem consequatur eum dolor.', 3, '2020-02-01 02:31:30', '2020-02-01 02:31:30'),
(39, 32, 'Sophia Bernier', 'Adipisci velit dolorum cum. Cupiditate voluptatem repellat incidunt saepe. Iusto a quisquam in eligendi culpa. Est perferendis quae accusamus id tenetur. Dolorem quas deserunt ab voluptatum debitis cum fuga.', 5, '2020-02-01 02:31:30', '2020-02-01 02:31:30'),
(40, 21, 'Kade Miller I', 'Necessitatibus et exercitationem quia tempora veritatis atque maiores. Voluptatum veritatis corporis consequatur sed rerum. Ducimus dolore itaque quae beatae suscipit.', 2, '2020-02-01 02:31:30', '2020-02-01 02:31:30'),
(41, 20, 'Noel Dietrich Sr.', 'Quod ut nam dolorem neque quia et veniam. Molestiae veniam atque eaque exercitationem ea soluta veritatis. Voluptas quidem voluptate quasi aut.', 3, '2020-02-01 02:31:30', '2020-02-01 02:31:30'),
(42, 42, 'Victor Thompson Jr.', 'Enim sapiente dolor maxime incidunt nihil. Id sint vel autem labore velit. Magnam eius qui illum dolor. Non omnis illo repudiandae et voluptatem aperiam expedita. Et distinctio enim architecto ducimus sint.', 5, '2020-02-01 02:31:30', '2020-02-01 02:31:30'),
(43, 34, 'Odessa Abshire', 'Consectetur voluptatum ipsam delectus quia. Neque officiis id ut explicabo itaque maiores similique. Id ratione velit vel voluptas.', 5, '2020-02-01 02:31:30', '2020-02-01 02:31:30'),
(44, 23, 'Vickie Baumbach', 'Est praesentium iure similique iste nobis numquam quidem deserunt. Aperiam ut neque non. Autem consectetur mollitia cumque maxime quam enim.', 1, '2020-02-01 02:31:31', '2020-02-01 02:31:31'),
(45, 23, 'Claud Schroeder', 'Temporibus amet non deserunt assumenda earum. Iusto atque vel magnam odit. Aut illo vitae magni iste.', 1, '2020-02-01 02:31:31', '2020-02-01 02:31:31'),
(46, 50, 'Ms. Iva Lesch I', 'Aut voluptatem sit qui ex odit vitae molestiae blanditiis. Vero maiores eos quia deleniti. Delectus ea nam ut aut nobis incidunt.', 0, '2020-02-01 02:31:31', '2020-02-01 02:31:31'),
(47, 7, 'Kiarra Auer', 'Quo rerum quia vel illum vero aut. Nisi eaque est inventore tenetur velit. Ea quos est aut.', 4, '2020-02-01 02:31:31', '2020-02-01 02:31:31'),
(48, 2, 'Dr. Hayden Dicki DVM', 'Vel omnis quae qui nemo eveniet dolor. Impedit dolores ducimus et autem facere voluptas.', 1, '2020-02-01 02:31:31', '2020-02-01 02:31:31'),
(49, 5, 'Mrs. Natalia Mann Sr.', 'Facilis hic modi et consequuntur. Neque perferendis quisquam iusto qui recusandae cumque eaque. Consequatur iusto aut eum eum aliquid autem in. Delectus pariatur ab sit odio placeat aliquam.', 1, '2020-02-01 02:31:31', '2020-02-01 02:31:31'),
(50, 29, 'Jimmie Hill', 'Neque nihil aperiam in nihil quisquam molestias. Fugit magni quisquam sapiente et hic eius libero. Ab nihil aut nemo possimus non dolor. Assumenda qui numquam voluptas et libero non eum. Earum non laborum optio impedit unde officia placeat.', 2, '2020-02-01 02:31:31', '2020-02-01 02:31:31'),
(51, 23, 'Mr. Sage Hudson PhD', 'Dolore maxime nihil odio vel quod. Consequatur quia hic provident. Nulla nemo voluptatem at. Cum praesentium reiciendis ea nihil ratione.', 1, '2020-02-01 02:31:31', '2020-02-01 02:31:31'),
(52, 6, 'Rashad Bahringer', 'Repudiandae explicabo voluptatem alias sapiente commodi. Quae nesciunt minus perferendis incidunt ea est maiores. Saepe est sit eveniet minus possimus molestiae. Ut ex mollitia iusto magnam ipsam beatae.', 4, '2020-02-01 02:31:31', '2020-02-01 02:31:31'),
(53, 41, 'Helga Anderson', 'Deserunt veritatis asperiores consequatur voluptatem ut vel. Laudantium qui voluptas minima quia in iure. Consequatur quam iusto sit saepe quos. Necessitatibus voluptatum eum odit temporibus tempore.', 5, '2020-02-01 02:31:31', '2020-02-01 02:31:31'),
(54, 36, 'Lesly Larson', 'Harum nesciunt voluptas ut ut nam cupiditate. Quis deserunt enim explicabo fuga dolorum numquam. Quam rerum cupiditate quia sint sit aut.', 2, '2020-02-01 02:31:31', '2020-02-01 02:31:31'),
(55, 12, 'Zakary Ratke DDS', 'Suscipit natus eveniet repudiandae expedita temporibus. Optio assumenda explicabo quae aliquam. Quod laboriosam reprehenderit temporibus eaque.', 2, '2020-02-01 02:31:31', '2020-02-01 02:31:31'),
(56, 33, 'Callie Rosenbaum', 'Dolor est quam repellat non rerum voluptas. Tempore sunt et deleniti excepturi laudantium recusandae. Laudantium corrupti sint voluptates quidem necessitatibus.', 2, '2020-02-01 02:31:31', '2020-02-01 02:31:31'),
(57, 16, 'Abbey McCullough', 'Consequatur reprehenderit doloremque corrupti sit sed laboriosam architecto. Eveniet enim fugiat culpa vero id dolorem tempora. Rerum dolores harum accusamus rem impedit exercitationem voluptatum. Magnam odio nam aut itaque autem ab.', 4, '2020-02-01 02:31:31', '2020-02-01 02:31:31'),
(58, 18, 'Blaze Fadel', 'Quisquam sunt dolorem quasi. Voluptas ut quia quo deleniti vitae explicabo.', 0, '2020-02-01 02:31:31', '2020-02-01 02:31:31'),
(59, 42, 'Garret Streich', 'Itaque officiis eaque aperiam unde officia accusamus. Quae ut maxime rerum aperiam.', 0, '2020-02-01 02:31:31', '2020-02-01 02:31:31'),
(60, 24, 'Miss Taya Adams', 'Necessitatibus enim doloribus labore aliquam est labore sint. Sit ipsa ipsam molestias tenetur assumenda deleniti eaque corrupti. Error inventore dolorum dolorem est iure quas qui error.', 1, '2020-02-01 02:31:31', '2020-02-01 02:31:31'),
(61, 2, 'Willie Gutkowski', 'Sunt omnis voluptatem quo delectus perspiciatis dolorum. Distinctio facilis consectetur quia provident aut asperiores. Consequuntur itaque laudantium modi.', 3, '2020-02-01 02:31:31', '2020-02-01 02:31:31'),
(62, 28, 'Kaylah Johnston', 'Minima ipsa sed dolorum totam placeat qui alias consequatur. Et repudiandae sit quod similique ab. Aut distinctio sit delectus sint rerum fugiat non.', 4, '2020-02-01 02:31:31', '2020-02-01 02:31:31'),
(63, 11, 'Jett Cole', 'Delectus quas odit praesentium ipsam autem voluptas et. Reprehenderit quisquam ut molestiae praesentium praesentium aut. Voluptate quia alias corrupti esse omnis aut nulla. Rerum magni quae sit laboriosam sunt eum.', 0, '2020-02-01 02:31:31', '2020-02-01 02:31:31'),
(64, 4, 'Elias Stracke I', 'Doloribus quo ducimus repellendus error minima impedit et. Excepturi dicta nobis minima provident qui sapiente. Ratione aperiam veniam ex.', 1, '2020-02-01 02:31:31', '2020-02-01 02:31:31'),
(65, 3, 'Tanner Turner', 'Ea aperiam odit ad qui. Magnam facilis minima est aut aliquid ratione.', 3, '2020-02-01 02:31:31', '2020-02-01 02:31:31'),
(66, 40, 'Judge Hickle', 'Dolore aut sit ducimus est ut velit. Sit libero id facilis magnam nobis nobis sequi. Impedit culpa qui et ducimus. Occaecati dolor non odio nihil maxime atque.', 3, '2020-02-01 02:31:31', '2020-02-01 02:31:31'),
(67, 33, 'Prof. Randall Legros V', 'Aut neque praesentium architecto aspernatur necessitatibus. Omnis id officia adipisci nesciunt odio. At architecto ratione quia enim explicabo qui. Rerum et praesentium veritatis sunt officia temporibus voluptatem velit.', 1, '2020-02-01 02:31:31', '2020-02-01 02:31:31'),
(68, 37, 'Rigoberto Kunde Sr.', 'Eos delectus sit qui dolor laudantium repellendus. Quidem tempora omnis est iusto harum. Ab blanditiis id commodi dolorem eaque mollitia. Rerum et odit dolorum quia et sed.', 4, '2020-02-01 02:31:32', '2020-02-01 02:31:32'),
(69, 21, 'Ludwig Crona', 'At voluptatem beatae eaque labore suscipit cupiditate cum. Sapiente amet recusandae et minima. Rerum qui eligendi est nisi omnis aperiam dolorum.', 5, '2020-02-01 02:31:32', '2020-02-01 02:31:32'),
(70, 27, 'Jennifer Wuckert', 'Reiciendis ut mollitia numquam. Inventore quae non fugit. Adipisci sit temporibus officiis.', 1, '2020-02-01 02:31:32', '2020-02-01 02:31:32'),
(71, 26, 'Reina Moore Sr.', 'Voluptates perspiciatis est soluta aliquid velit. Animi perspiciatis rerum distinctio illum qui maiores. Nemo necessitatibus neque iste dolores. Laborum quia minus nihil quidem aut quidem modi.', 5, '2020-02-01 02:31:32', '2020-02-01 02:31:32'),
(72, 37, 'Jarred Smith', 'Voluptas ipsam hic aut sunt impedit mollitia. Rem repellat natus id eaque cumque. Recusandae omnis numquam ut rerum consequuntur delectus. Voluptate ut dolorem veniam aliquam hic modi quos.', 4, '2020-02-01 02:31:32', '2020-02-01 02:31:32'),
(73, 8, 'Betty Watsica II', 'Consequuntur sint minus voluptatem quia aut. Sunt est sint cum distinctio minus sunt autem. Recusandae hic ut sit omnis.', 5, '2020-02-01 02:31:32', '2020-02-01 02:31:32'),
(74, 11, 'Jacquelyn Conroy', 'Voluptatem eos omnis ut beatae unde. Sunt sit impedit iste architecto sed impedit minima. Aut expedita doloribus ab ullam voluptatem sunt.', 3, '2020-02-01 02:31:32', '2020-02-01 02:31:32'),
(75, 34, 'Steve Denesik Sr.', 'Maiores dolore sit et. Labore est blanditiis dolorum quod. Omnis id aspernatur id iusto. Possimus et vero et.', 5, '2020-02-01 02:31:32', '2020-02-01 02:31:32'),
(76, 24, 'Betty Jenkins DDS', 'Exercitationem id laudantium aut beatae impedit eos distinctio. Quaerat nobis et odit qui. Porro consequatur exercitationem repellendus optio molestias.', 4, '2020-02-01 02:31:32', '2020-02-01 02:31:32'),
(77, 2, 'Mrs. Ashlee Howe DDS', 'Architecto tenetur harum odio voluptas culpa atque sed. Rem consequatur eum molestiae. Nisi doloribus vel impedit aspernatur.', 0, '2020-02-01 02:31:32', '2020-02-01 02:31:32'),
(78, 14, 'Eulah Tremblay', 'Voluptates et voluptas perspiciatis quo. Tempore quia nihil distinctio et ex delectus architecto. Minima officia molestias molestiae veritatis ex. Non fugiat minus voluptates velit nisi ipsa.', 3, '2020-02-01 02:31:32', '2020-02-01 02:31:32'),
(79, 32, 'Charlie Luettgen', 'Rem nulla ut non nulla porro voluptatibus. Accusamus hic voluptatem ad officia odit fugit natus. Quos sed praesentium accusamus expedita maxime libero odit.', 1, '2020-02-01 02:31:32', '2020-02-01 02:31:32'),
(80, 8, 'Keith Senger', 'Qui eum ut ea voluptas unde. Dolor aspernatur minus earum neque commodi. Eum commodi explicabo exercitationem tenetur nesciunt dicta. Qui dolor eaque enim est.', 2, '2020-02-01 02:31:32', '2020-02-01 02:31:32'),
(81, 21, 'Miss Alva Mills MD', 'Rerum enim totam ad. Officia voluptatem asperiores omnis aut.', 5, '2020-02-01 02:31:32', '2020-02-01 02:31:32'),
(82, 14, 'Emmett Feest', 'Omnis inventore qui praesentium blanditiis et minus et maxime. Exercitationem soluta aut cumque qui voluptas delectus qui corrupti. Necessitatibus voluptates ex quaerat architecto autem placeat. Dolorum quo libero tenetur ab illum mollitia aspernatur.', 4, '2020-02-01 02:31:32', '2020-02-01 02:31:32'),
(83, 50, 'Caroline Hoppe', 'Dolor harum voluptatibus iste rem consequatur delectus. Molestiae omnis ad nulla vero sapiente non. Quaerat consequatur quod sit corrupti. Ipsam nesciunt ea repellat sed.', 5, '2020-02-01 02:31:32', '2020-02-01 02:31:32'),
(84, 50, 'Prof. Sid Kunze DDS', 'Adipisci vitae esse consequatur voluptas at. Excepturi velit qui modi inventore. Inventore omnis dolorem distinctio sit. Qui sequi voluptas nemo dolores minima. Velit delectus aut consequuntur temporibus eveniet.', 4, '2020-02-01 02:31:32', '2020-02-01 02:31:32'),
(85, 5, 'Dora Turcotte', 'Iusto possimus sed id tempore. Reprehenderit quis delectus temporibus occaecati autem dolorum voluptatibus. Quae vitae voluptatem accusamus id similique. Libero eligendi quos veritatis excepturi ipsam hic enim excepturi.', 3, '2020-02-01 02:31:32', '2020-02-01 02:31:32'),
(86, 24, 'Thora Blick', 'Pariatur harum eaque vel. Quo rerum assumenda consectetur praesentium rem veritatis velit. Minus ea qui sint repellendus eveniet excepturi debitis. Vero odit consequuntur assumenda facilis eligendi in eum.', 1, '2020-02-01 02:31:32', '2020-02-01 02:31:32'),
(87, 39, 'Miss Claudine Murazik', 'Optio voluptatem voluptas natus possimus. Minima ratione ipsa porro laudantium ut ut. Enim ipsam expedita assumenda commodi nulla. Tempore libero aut alias harum non eius voluptas aliquam.', 0, '2020-02-01 02:31:32', '2020-02-01 02:31:32'),
(88, 10, 'Jalon Renner', 'Error sunt sint quia distinctio ipsam magni rem. Harum fugit perspiciatis tempore voluptatem consequatur dolore ipsum et. Mollitia autem facere tempore nihil. Voluptas voluptas esse reiciendis eveniet.', 4, '2020-02-01 02:31:32', '2020-02-01 02:31:32'),
(89, 46, 'Vinnie Boehm', 'Alias architecto quis et sed consequatur voluptate quibusdam nostrum. Qui sit repellat in neque beatae. Omnis voluptas qui aut consequatur rerum atque omnis et. Deleniti error ut eius veniam.', 2, '2020-02-01 02:31:32', '2020-02-01 02:31:32'),
(90, 10, 'Zander Abshire', 'Rerum placeat aperiam est consequatur dolores et ea. Blanditiis nihil nulla quo eligendi qui. Reiciendis provident porro sit asperiores accusamus reiciendis ullam.', 2, '2020-02-01 02:31:32', '2020-02-01 02:31:32'),
(91, 6, 'Roger Schneider', 'Voluptatem sunt magnam et. Aut sunt velit similique possimus nobis ut necessitatibus. Tempore similique placeat est ipsum necessitatibus.', 0, '2020-02-01 02:31:32', '2020-02-01 02:31:32'),
(92, 22, 'Mrs. Jessyca Armstrong III', 'Voluptate asperiores sunt deserunt consequatur. Voluptatibus voluptatem libero harum et. Fugiat et unde eaque qui eveniet qui.', 4, '2020-02-01 02:31:32', '2020-02-01 02:31:32'),
(93, 29, 'Ms. Kelly Jones', 'Cumque quod veritatis et recusandae atque ad. Ut non delectus adipisci ab nemo minus hic. Qui saepe iusto eveniet nihil.', 4, '2020-02-01 02:31:33', '2020-02-01 02:31:33'),
(94, 46, 'Katlyn Kessler III', 'Nihil et quaerat dolores dolores mollitia non. Officiis perferendis possimus quia eaque in quia voluptas. Dolorem perspiciatis qui dolorem aut. Reprehenderit dicta iusto illo aut esse.', 5, '2020-02-01 02:31:33', '2020-02-01 02:31:33'),
(95, 31, 'Ms. Kristin Batz', 'Vel et voluptatem ut et a. Nam quis quia iusto eos cumque sequi modi facilis. Vel eum quis sit odio nisi. Libero earum molestias molestias voluptas mollitia odit quaerat tempore.', 2, '2020-02-01 02:31:33', '2020-02-01 02:31:33'),
(96, 34, 'Ms. Margarete Abshire IV', 'Consequatur rerum voluptas tenetur sit aliquam itaque. Tenetur iste necessitatibus aperiam beatae.', 0, '2020-02-01 02:31:33', '2020-02-01 02:31:33'),
(97, 15, 'Beth Schmeler', 'Numquam delectus sequi est inventore quas. Non voluptatem quasi minima. Ipsam ipsa quia esse eos nostrum aut et. Aut fugit fuga totam repellat qui et. Earum officia eum cum.', 1, '2020-02-01 02:31:33', '2020-02-01 02:31:33'),
(98, 17, 'Furman Koelpin', 'Quia et est qui ex minima aspernatur eum. A consequatur voluptatum eos et accusamus similique. Rerum pariatur expedita deleniti itaque inventore qui recusandae. Qui voluptatem aut itaque magni cum culpa.', 2, '2020-02-01 02:31:33', '2020-02-01 02:31:33'),
(99, 21, 'Prof. Jack Osinski', 'Veniam repudiandae eum asperiores error nobis ut eveniet. Voluptatem amet qui eius beatae et sequi odit ut. Et expedita aut nobis corporis iste doloribus. Consequatur laudantium voluptate vitae dolorem.', 1, '2020-02-01 02:31:33', '2020-02-01 02:31:33'),
(100, 23, 'Thad Cassin', 'Et omnis maxime ducimus id in. Quae similique aut vero est. Quos dolorum facere eos.', 1, '2020-02-01 02:31:33', '2020-02-01 02:31:33'),
(101, 41, 'Karlie Shanahan', 'Eaque sed velit molestiae voluptates aut. Illo vitae ut repellendus vero. Porro corrupti quaerat velit iusto consequuntur est. Error asperiores rem magnam qui dignissimos optio temporibus.', 5, '2020-02-01 02:31:33', '2020-02-01 02:31:33'),
(102, 34, 'Antwon Stracke', 'Tenetur sapiente laboriosam aspernatur rerum voluptas consectetur at tenetur. Quia dolore adipisci quia soluta id. Quae ut nam cumque quod.', 1, '2020-02-01 02:31:33', '2020-02-01 02:31:33'),
(103, 28, 'Miss Rebeka Langworth', 'Laudantium ea sit et iusto rerum reprehenderit inventore voluptatem. Rerum quaerat eligendi error rem explicabo.', 2, '2020-02-01 02:31:33', '2020-02-01 02:31:33'),
(104, 34, 'Mr. Humberto Wilkinson Jr.', 'Esse est recusandae unde et quo ullam libero. Debitis doloremque accusamus ex facilis. Dolores sapiente aperiam eveniet eveniet iste aut natus.', 5, '2020-02-01 02:31:33', '2020-02-01 02:31:33'),
(105, 32, 'Cicero Price', 'Incidunt sint quidem atque. Sint amet et dolor consequuntur dolor. Sit sed ducimus odio non impedit. Placeat quam quidem consectetur harum.', 1, '2020-02-01 02:31:33', '2020-02-01 02:31:33'),
(106, 12, 'Prof. Rocky Murray IV', 'Porro qui alias doloribus et quia facere libero nemo. Inventore odio libero laborum eius facilis ex. Totam ratione eos ea delectus. Nihil mollitia ad consectetur dolores.', 0, '2020-02-01 02:31:33', '2020-02-01 02:31:33'),
(107, 22, 'Dr. Garrick Corwin', 'Repellendus est earum inventore nisi assumenda. Maiores ipsa minus et reiciendis quaerat. Magni deserunt eos aut animi. Velit sed qui consequatur in omnis deserunt est.', 5, '2020-02-01 02:31:33', '2020-02-01 02:31:33'),
(108, 38, 'Yolanda Moen', 'Aut optio magni perferendis debitis. Quo id ipsam debitis nihil blanditiis possimus non. Aut vero sed corrupti cupiditate rerum enim hic eos.', 5, '2020-02-01 02:31:33', '2020-02-01 02:31:33'),
(109, 5, 'Mrs. Lilly Lind', 'Placeat architecto consectetur dolor velit non rem doloremque accusantium. Voluptas reprehenderit quisquam adipisci. Quia minus expedita itaque nihil saepe et saepe. Sed omnis quidem natus.', 2, '2020-02-01 02:31:33', '2020-02-01 02:31:33'),
(110, 35, 'Lilliana Yost', 'Architecto suscipit magni autem. Nulla asperiores ratione doloribus a similique reprehenderit nemo. Ut ut iusto perferendis et itaque.', 5, '2020-02-01 02:31:33', '2020-02-01 02:31:33'),
(111, 16, 'Kathleen Terry', 'Totam veniam autem dolorum quam. Reiciendis quibusdam voluptas dolorem ipsam. Quo consequatur omnis eaque incidunt et vitae saepe. Cumque impedit id quam. Fugit earum id sapiente harum voluptatum.', 0, '2020-02-01 02:31:33', '2020-02-01 02:31:33'),
(112, 9, 'Cheyenne O\'Reilly', 'Consequatur et voluptates reprehenderit assumenda numquam. Quo ad molestiae repellat reiciendis. Beatae sit temporibus doloribus et officiis voluptates iusto.', 2, '2020-02-01 02:31:33', '2020-02-01 02:31:33'),
(113, 37, 'Marianne Orn', 'Quisquam et qui repudiandae minus quaerat optio sunt eum. Dolore mollitia animi praesentium eum nesciunt. Quae magni labore incidunt laudantium occaecati ut. Et sit consequatur optio eos quis blanditiis aut.', 5, '2020-02-01 02:31:33', '2020-02-01 02:31:33'),
(114, 13, 'Stuart Rempel', 'Aliquam accusamus quod alias totam aut est iure. Accusamus et rerum animi et et. Aliquid provident dicta iusto dicta at mollitia.', 4, '2020-02-01 02:31:33', '2020-02-01 02:31:33'),
(115, 31, 'Eliseo Sawayn DDS', 'Veniam mollitia necessitatibus explicabo est id quaerat. Accusamus molestias doloremque ut voluptatem tempore non occaecati maxime. Nemo eum ut et error. Sint occaecati repellat minus officia voluptas. Voluptatem voluptatem eius et.', 3, '2020-02-01 02:31:33', '2020-02-01 02:31:33'),
(116, 38, 'Mario Paucek', 'Distinctio corporis voluptatum facilis rerum doloribus. Et voluptatem sed reprehenderit fugit quos cum reprehenderit ipsam. Qui vitae ipsam quia facere illo dicta ad. Nihil dignissimos ut rerum quae facilis.', 3, '2020-02-01 02:31:33', '2020-02-01 02:31:33'),
(117, 4, 'Louisa Quigley Sr.', 'Et aut vitae velit eum maxime quia similique adipisci. Temporibus quas similique vel omnis sed vero quo quos. Vel occaecati repellat inventore asperiores alias. Explicabo sed ducimus pariatur magni quos vero debitis.', 0, '2020-02-01 02:31:33', '2020-02-01 02:31:33'),
(118, 30, 'Sophia Larson', 'Qui consequatur ut sit ullam quae voluptas quidem. Ab ipsa sunt explicabo et voluptas similique ratione deserunt. Exercitationem consequatur impedit fugiat excepturi blanditiis consequuntur. Ea eos et fuga repellendus quibusdam ex aliquam. Aperiam eum est alias eius sint nisi.', 4, '2020-02-01 02:31:33', '2020-02-01 02:31:33'),
(119, 18, 'Prof. Julien Hintz', 'Facere sed autem ut dicta. Qui odio et accusantium quia consequuntur labore voluptas. Vel quia ut velit et quo iste quidem. Deserunt enim est nobis aut laborum illum.', 0, '2020-02-01 02:31:33', '2020-02-01 02:31:33'),
(120, 32, 'Tomas Hartmann', 'Iusto voluptatem omnis voluptatem aut eos ut. Vero reprehenderit velit culpa non quod. Rerum quasi qui facilis veritatis.', 2, '2020-02-01 02:31:33', '2020-02-01 02:31:33'),
(121, 3, 'Ivah Grant', 'Qui odit incidunt et et minima quo omnis necessitatibus. Aperiam facere maiores corrupti corporis. Libero eius sapiente maiores tempora quam non.', 0, '2020-02-01 02:31:34', '2020-02-01 02:31:34'),
(122, 4, 'Dr. Jakob Welch', 'Architecto eius reprehenderit et quia iusto aut. Ex molestias eligendi culpa saepe iure occaecati minima. Perferendis non esse suscipit similique culpa.', 1, '2020-02-01 02:31:34', '2020-02-01 02:31:34'),
(123, 42, 'Thelma Prohaska', 'Aliquam ut dicta magni. Deserunt quasi ea et fugiat. Ipsa ut sed sit vitae reiciendis. Maxime voluptatibus soluta accusamus voluptas.', 3, '2020-02-01 02:31:34', '2020-02-01 02:31:34'),
(124, 9, 'Bettie Greenfelder', 'Quaerat minus nihil aspernatur consequatur nobis reprehenderit. Sit quidem dolorem dicta deleniti voluptas debitis. Quod aut dolorem tenetur repudiandae. Autem sint harum reprehenderit modi autem et.', 5, '2020-02-01 02:31:34', '2020-02-01 02:31:34'),
(125, 33, 'Lucile Hilpert DDS', 'Consequatur asperiores saepe placeat. Qui dolores tempora quo incidunt rem. Optio aut maiores voluptatem velit ratione ad ut.', 0, '2020-02-01 02:31:34', '2020-02-01 02:31:34'),
(126, 24, 'Mr. Louvenia O\'Reilly', 'Consequuntur et nihil eius exercitationem adipisci exercitationem temporibus qui. Unde nesciunt nisi qui velit sit in. Qui sequi quia quidem ratione rerum dolore. Animi fugit beatae pariatur.', 5, '2020-02-01 02:31:34', '2020-02-01 02:31:34'),
(127, 20, 'Finn Hickle', 'Distinctio voluptas qui dignissimos non. Eos debitis maiores modi ullam repellat molestias eius ut. Perspiciatis corrupti deleniti saepe cumque molestiae.', 1, '2020-02-01 02:31:34', '2020-02-01 02:31:34'),
(128, 3, 'Una O\'Reilly', 'Aut est quia qui sapiente ipsa. Exercitationem quia et perferendis. Ipsam sit est quisquam nihil rerum. Ut vero ab voluptatem deserunt non.', 4, '2020-02-01 02:31:34', '2020-02-01 02:31:34'),
(129, 4, 'Kallie Crooks', 'Dolor ipsum dolorum quo doloribus eaque et voluptatem. Dolor rerum vero officia ipsum aut placeat. Voluptas nihil aut aut illum consectetur doloremque. Et aut occaecati in laboriosam consequatur dolores.', 4, '2020-02-01 02:31:34', '2020-02-01 02:31:34'),
(130, 21, 'Mr. Tito Goldner DVM', 'Dolor molestiae possimus totam ut. Tempore est est voluptatem blanditiis dignissimos ut. Magni molestiae consequatur aut dolores maxime facilis.', 0, '2020-02-01 02:31:34', '2020-02-01 02:31:34'),
(131, 44, 'Eve Stanton IV', 'Deleniti mollitia perspiciatis debitis corporis. Possimus maiores numquam eius eos corrupti consequuntur quis. Pariatur reprehenderit nam culpa sed perspiciatis.', 0, '2020-02-01 02:31:34', '2020-02-01 02:31:34'),
(132, 27, 'Jolie Hermiston', 'Ipsum corrupti eum eos non suscipit adipisci. Deleniti aut doloremque rem labore suscipit incidunt neque. Eligendi perferendis minus mollitia occaecati et eligendi cum dolorum.', 2, '2020-02-01 02:31:34', '2020-02-01 02:31:34'),
(133, 43, 'Prof. Alexis Padberg', 'Fugiat recusandae quidem eos itaque labore deleniti iure. Non quisquam ut ut nulla ad. Qui eos nihil voluptas maiores aut. Sunt reprehenderit perferendis ut quia et dolore a eaque.', 1, '2020-02-01 02:31:35', '2020-02-01 02:31:35'),
(134, 29, 'Mr. Devin Smitham', 'Rerum error quidem assumenda expedita sit in. Voluptatem non minus sed iure culpa magni eos. Facilis fugiat doloremque totam deserunt. Quidem sed fuga quod dolores fugiat inventore provident.', 2, '2020-02-01 02:31:35', '2020-02-01 02:31:35'),
(135, 15, 'Dawson Legros', 'Maxime nemo nulla harum ea cupiditate. Numquam doloribus aperiam nostrum autem nesciunt quos reiciendis. Et consectetur vel aliquid aliquam est quo sed.', 5, '2020-02-01 02:31:35', '2020-02-01 02:31:35'),
(136, 49, 'Mckenzie Osinski Jr.', 'Eos eaque molestiae sunt sit harum est et. Ratione earum amet tenetur sunt. Eum et enim qui consectetur suscipit. Enim necessitatibus quo voluptate pariatur quidem autem corrupti recusandae. Voluptas corrupti voluptatem voluptate sed qui magnam voluptas.', 4, '2020-02-01 02:31:35', '2020-02-01 02:31:35'),
(137, 26, 'Winston Mraz', 'Eum consectetur illum ipsa doloremque. Vel repellat suscipit optio quia. Ducimus enim sed similique nesciunt et dicta at magnam. Impedit ipsa odio nesciunt eos.', 0, '2020-02-01 02:31:35', '2020-02-01 02:31:35'),
(138, 31, 'Sierra Haag', 'Explicabo exercitationem aliquid tempore tenetur animi. Asperiores mollitia tenetur sunt vel nostrum consequuntur. Consequatur quos doloremque esse quisquam. Molestiae veniam suscipit dolor rerum consequatur.', 2, '2020-02-01 02:31:35', '2020-02-01 02:31:35'),
(139, 25, 'Leatha Wolff', 'Neque aut maiores perferendis quia magnam. Nihil ab velit et illo et cumque. Omnis odit optio quod quod. Praesentium quisquam enim quo.', 1, '2020-02-01 02:31:35', '2020-02-01 02:31:35'),
(140, 17, 'Prof. Chadd Anderson', 'Aut est corporis molestiae. Officia est quidem amet aut expedita itaque sit. Vel voluptatibus eos enim unde et voluptates. Ut cum corrupti voluptatem a in.', 1, '2020-02-01 02:31:35', '2020-02-01 02:31:35'),
(141, 35, 'Khalil Pouros', 'Saepe sint animi eos dolorem. Alias suscipit rerum eaque consequatur ut dignissimos beatae. Praesentium molestiae molestiae tenetur nobis et ut. Nemo soluta provident et excepturi vel.', 4, '2020-02-01 02:31:35', '2020-02-01 02:31:35'),
(142, 23, 'Lavern Willms', 'Et dolorem mollitia in excepturi provident id. Laborum laboriosam accusantium et tempora est sed.', 4, '2020-02-01 02:31:35', '2020-02-01 02:31:35'),
(143, 19, 'Kailey Stroman', 'Illum ut vero omnis et cum aliquid laborum consequuntur. Sed in qui velit voluptate. Quas praesentium ea nemo magni illo rem. Eum sed ut repellat sunt.', 0, '2020-02-01 02:31:35', '2020-02-01 02:31:35'),
(144, 10, 'Prof. Toy Reichel', 'Et ut aut perferendis perferendis nemo id vel. Molestias occaecati excepturi blanditiis cum tempore aliquid sunt nam. Delectus dolorum ipsam et quod aliquid. Qui quos et consequatur qui quis eos. Sed itaque et repellendus autem nobis ex voluptas sequi.', 1, '2020-02-01 02:31:35', '2020-02-01 02:31:35'),
(145, 43, 'Douglas Stoltenberg', 'Sunt voluptatem sit amet at voluptatem quis. Repudiandae eaque dolores omnis nam. Id quo et eum sint non rerum.', 5, '2020-02-01 02:31:35', '2020-02-01 02:31:35'),
(146, 20, 'Ezra Lakin DDS', 'Qui et repudiandae qui repellat omnis nostrum cum. Nobis omnis sed non maiores.', 1, '2020-02-01 02:31:35', '2020-02-01 02:31:35'),
(147, 9, 'Jeffery Smith', 'Similique autem dolores accusamus impedit in. Dolorem commodi deserunt velit asperiores qui. Ipsa quidem sit minima adipisci cum. Quaerat consectetur facere consequatur necessitatibus commodi accusamus a.', 4, '2020-02-01 02:31:35', '2020-02-01 02:31:35'),
(148, 9, 'Kathlyn Grant', 'Consequatur necessitatibus aut sapiente assumenda consectetur. Harum tempore numquam unde voluptate. Odit placeat omnis omnis cum mollitia voluptatem. Rerum sunt deserunt corrupti iusto.', 5, '2020-02-01 02:31:35', '2020-02-01 02:31:35'),
(149, 1, 'Edd Farrell MD', 'Pariatur aut tempora voluptatibus et magnam. Magnam expedita unde harum dolorem omnis consequuntur. Veritatis velit nesciunt vitae non tenetur sit aut.', 3, '2020-02-01 02:31:35', '2020-02-01 02:31:35'),
(150, 4, 'Mitchel O\'Keefe', 'Ex et doloribus deserunt sed. Dolores aperiam autem odio vel inventore culpa.', 1, '2020-02-01 02:31:35', '2020-02-01 02:31:35'),
(151, 25, 'Rosa King', 'Sapiente quidem adipisci dolores quidem et et et. Minus ipsum quia aut. Cumque et eligendi doloremque omnis. Nobis commodi aut excepturi eos dignissimos velit inventore. Ullam repellat dolores molestiae accusamus nemo doloremque totam.', 2, '2020-02-01 02:31:35', '2020-02-01 02:31:35'),
(152, 10, 'Marjory Erdman', 'Accusamus atque qui omnis velit. Dolorum nihil commodi et perferendis voluptas. Laborum provident libero blanditiis sit sint omnis. Aut iusto id fuga.', 3, '2020-02-01 02:31:35', '2020-02-01 02:31:35'),
(153, 17, 'Rickey Batz', 'Veniam vel et magni et nisi aliquam sequi. Consequatur vel velit ex et aut. Dolore consectetur esse aperiam esse.', 1, '2020-02-01 02:31:35', '2020-02-01 02:31:35'),
(154, 30, 'Jaiden McDermott', 'Et ducimus dolore pariatur tenetur vel quisquam ea. Eos accusamus qui sit error est quisquam vel. Inventore odio atque reiciendis blanditiis. Neque dicta ut debitis accusantium dolore. Dolores tempora provident autem necessitatibus nemo molestias.', 4, '2020-02-01 02:31:35', '2020-02-01 02:31:35'),
(155, 8, 'Trent Steuber', 'Cupiditate unde aut et facilis dignissimos et. Optio rerum dolores non et. Eligendi ipsa dolorem aut consequatur ut aut est. Sit qui quia in.', 0, '2020-02-01 02:31:36', '2020-02-01 02:31:36'),
(156, 50, 'Junius Howe', 'At non voluptatum consequuntur numquam dolores voluptatem aut. Fuga assumenda eius quam laborum. Voluptatum non provident voluptas. Voluptatem deserunt eum sunt quaerat eos aut beatae.', 5, '2020-02-01 02:31:36', '2020-02-01 02:31:36'),
(157, 15, 'Monica Fahey', 'Illum deserunt illum qui qui qui magni. Quasi consectetur officia est dolorum perspiciatis quisquam in. Eos et nulla sit neque nulla.', 3, '2020-02-01 02:31:36', '2020-02-01 02:31:36'),
(158, 35, 'Natalie Runolfsdottir', 'Quo delectus sint ipsam similique tempore harum. Sequi commodi illo voluptatem hic quis sapiente mollitia. Ducimus modi molestiae enim consequatur minima delectus. Delectus nemo at est consequuntur. Vel repellendus vero rerum placeat praesentium.', 1, '2020-02-01 02:31:36', '2020-02-01 02:31:36'),
(159, 10, 'Mrs. Eliane Schmitt III', 'Placeat perferendis placeat itaque. Alias nemo commodi sunt itaque rem consequatur similique. Qui repellendus non nam. Molestiae consequatur nostrum aut quas. Quis totam atque corporis pariatur non ducimus incidunt.', 3, '2020-02-01 02:31:36', '2020-02-01 02:31:36'),
(160, 36, 'Jonas Upton', 'Dicta omnis magnam perspiciatis non. Vel voluptatibus culpa fuga dignissimos ducimus et. Aut consequuntur at illo quisquam at dignissimos similique. Temporibus at similique impedit libero sapiente corrupti voluptas laboriosam. Quibusdam quis odit sit non qui.', 4, '2020-02-01 02:31:36', '2020-02-01 02:31:36'),
(161, 50, 'Peter Homenick', 'Qui deserunt quasi ut. Est ducimus et error quia. Voluptates earum aut dolore ut qui doloribus harum.', 0, '2020-02-01 02:31:36', '2020-02-01 02:31:36'),
(162, 9, 'Angelo Brekke', 'Quia nihil est aut error repudiandae. Ab itaque quisquam quis sunt illum. Distinctio iusto mollitia ipsa veniam sunt et.', 1, '2020-02-01 02:31:36', '2020-02-01 02:31:36'),
(163, 20, 'Rahsaan Bayer', 'Autem nihil optio ut. Unde non fugiat vel laudantium. Sequi velit labore dolores exercitationem.', 5, '2020-02-01 02:31:36', '2020-02-01 02:31:36'),
(164, 26, 'Haskell Rowe', 'Magni dolor qui est alias eaque et beatae et. Neque voluptatem error quis assumenda. Nam voluptatibus voluptas ut voluptatem. Assumenda optio sit et.', 1, '2020-02-01 02:31:36', '2020-02-01 02:31:36'),
(165, 41, 'Prof. Helmer Tremblay MD', 'Tempore ullam qui voluptatem optio aut. Voluptas numquam quisquam quisquam omnis voluptates. Impedit enim ratione ipsam iusto quisquam quo nihil accusamus.', 2, '2020-02-01 02:31:36', '2020-02-01 02:31:36'),
(166, 9, 'Greta Fritsch MD', 'Est quia quas non excepturi exercitationem voluptatem non. Est qui nihil vero dolor laboriosam autem sequi. Asperiores aspernatur et doloribus quas velit eos. Dignissimos quasi sed illo alias doloribus.', 1, '2020-02-01 02:31:36', '2020-02-01 02:31:36'),
(167, 18, 'Neva Raynor', 'Nulla dolorem omnis rerum quam deserunt voluptas. Magnam quis qui maiores unde in deserunt sit. Doloremque unde non repellendus expedita fugit illo et.', 3, '2020-02-01 02:31:36', '2020-02-01 02:31:36'),
(168, 29, 'Mrs. Ofelia Dach', 'Atque corporis in quasi qui. Soluta beatae dolor ut facere. Hic illum autem ad sit. Doloremque pariatur tenetur dolores voluptatem et quisquam.', 2, '2020-02-01 02:31:36', '2020-02-01 02:31:36'),
(169, 19, 'Braxton Kohler II', 'Enim neque deleniti et dolorum. Deleniti voluptatem impedit non sint. Quisquam maiores illum ex officia ipsum et voluptatem. Molestiae accusamus adipisci porro et. Praesentium corporis dicta quia et libero maiores sit.', 0, '2020-02-01 02:31:36', '2020-02-01 02:31:36'),
(170, 42, 'Emery Schoen', 'Molestiae consequuntur sint ex tempora sed quis dolores. A eveniet eum aut. Nesciunt saepe voluptatem excepturi mollitia qui ut. Fugit aspernatur minima sed temporibus velit fugiat.', 2, '2020-02-01 02:31:36', '2020-02-01 02:31:36'),
(171, 15, 'Aubree Macejkovic', 'Quibusdam placeat veritatis culpa repudiandae aut. Commodi praesentium voluptatem quaerat ducimus nam voluptatem voluptates. Aut ut commodi quae aperiam eos ut harum.', 1, '2020-02-01 02:31:36', '2020-02-01 02:31:36'),
(172, 16, 'Ima Jerde', 'Omnis magnam ut quia ullam recusandae. Debitis odit officia cum nisi minima tempora quaerat.', 0, '2020-02-01 02:31:36', '2020-02-01 02:31:36'),
(173, 2, 'Lauriane Prohaska', 'Minima quo sequi velit assumenda. Autem expedita placeat ex dolores. Vitae dicta possimus non sit.', 0, '2020-02-01 02:31:37', '2020-02-01 02:31:37'),
(174, 35, 'Greyson Gutkowski', 'Amet vitae fuga nesciunt officia. Perspiciatis incidunt sequi omnis velit blanditiis porro. Voluptatem consequatur amet autem aut quaerat et quis.', 5, '2020-02-01 02:31:37', '2020-02-01 02:31:37'),
(175, 2, 'Dr. Stanford Upton', 'Quaerat id laudantium laudantium dolor vel. Odio facere doloremque nulla sit magnam. Eaque et in sit aliquid incidunt.', 5, '2020-02-01 02:31:37', '2020-02-01 02:31:37'),
(176, 27, 'Bessie Hansen', 'In doloremque modi delectus minus necessitatibus et. Minus enim quod in et ex. Minima deserunt omnis ullam dignissimos aut. Et exercitationem veniam illum cumque quisquam.', 3, '2020-02-01 02:31:37', '2020-02-01 02:31:37'),
(177, 19, 'Dr. Richmond Beier', 'Soluta error tempore dicta quia adipisci necessitatibus mollitia. Accusantium provident at et minima et omnis reiciendis et. Occaecati repudiandae illo inventore voluptatibus.', 3, '2020-02-01 02:31:37', '2020-02-01 02:31:37'),
(178, 43, 'Mrs. Liza Swaniawski PhD', 'Sit quam aut et sequi. Autem voluptas consequatur ullam eius eum omnis officia. Totam quibusdam nisi aut assumenda et quisquam. Consequatur cum saepe voluptas sunt vel sit dolores.', 1, '2020-02-01 02:31:37', '2020-02-01 02:31:37'),
(179, 6, 'Maurine Deckow', 'Delectus consectetur ea voluptas quos sed. Numquam ipsum totam modi beatae exercitationem. Et molestiae voluptate aut expedita eius ut at. Sequi non magnam quis ducimus qui quis.', 3, '2020-02-01 02:31:37', '2020-02-01 02:31:37'),
(180, 36, 'Miss Anne Greenfelder', 'Perspiciatis nostrum facilis nemo sint quis. Quisquam nulla necessitatibus aperiam velit. Dolorem illum dignissimos molestias nostrum consequatur aliquam. Quis quo atque incidunt repellat sed. Et quas non non.', 5, '2020-02-01 02:31:37', '2020-02-01 02:31:37'),
(181, 48, 'Leonard Jones', 'Rem placeat fuga soluta voluptatem fugit et voluptas. Quod et vero ut repellendus illum ex laudantium et. Illum reiciendis error eum ratione ad nam ducimus.', 5, '2020-02-01 02:31:37', '2020-02-01 02:31:37'),
(182, 32, 'Mrs. Camylle White', 'Quis nemo quia eos ut quos. Consequatur autem rerum distinctio amet. Doloremque et ea quo doloremque et quia quis architecto. Ut officia quis nemo nemo similique architecto.', 5, '2020-02-01 02:31:37', '2020-02-01 02:31:37'),
(183, 18, 'Eloisa Schmeler', 'Labore ut incidunt corporis est. Totam enim vitae excepturi dolor optio nesciunt. Minus quasi provident voluptates.', 4, '2020-02-01 02:31:37', '2020-02-01 02:31:37'),
(184, 38, 'Zula Feest', 'Voluptatum perferendis voluptates vel a molestiae cum. Est sunt voluptatem non consequatur hic voluptatem et. Ut quod quo qui.', 3, '2020-02-01 02:31:37', '2020-02-01 02:31:37'),
(185, 27, 'Luther Kozey', 'Quis at odit porro odit dolorem deserunt. Sunt sint autem aliquam in quidem voluptatem beatae.', 5, '2020-02-01 02:31:37', '2020-02-01 02:31:37'),
(186, 45, 'Elvis Wilkinson II', 'Voluptatem quia ipsa eos dolores cumque debitis. Cumque omnis eaque eos qui neque non eos atque. Soluta aut consequatur esse eos. Sed quia odio omnis in. Et aut vel aperiam.', 1, '2020-02-01 02:31:37', '2020-02-01 02:31:37'),
(187, 3, 'Prof. Leo DuBuque V', 'Quam voluptas eum et aut fuga veniam. Ut laudantium est ea qui atque. Deleniti ab quis dolorem numquam.', 4, '2020-02-01 02:31:37', '2020-02-01 02:31:37'),
(188, 26, 'Prof. Nikki Franecki PhD', 'Dicta et eos eum id facere et. Fuga earum rem necessitatibus. Voluptas est suscipit inventore perferendis odit vel. Ratione perspiciatis ut illum sunt consequatur quaerat quod voluptates.', 4, '2020-02-01 02:31:37', '2020-02-01 02:31:37'),
(189, 21, 'Mr. Maverick Cronin', 'Dolorum atque modi blanditiis vel dolorum. Fugit vero enim ut repellat ea. Perspiciatis distinctio fugit ab sit ipsum enim inventore.', 2, '2020-02-01 02:31:37', '2020-02-01 02:31:37'),
(190, 23, 'Miss Palma Graham IV', 'Consequatur vitae quidem perspiciatis soluta quaerat itaque eos. Atque commodi ex dignissimos voluptate cum. Magnam corrupti dignissimos quos facilis impedit vitae.', 1, '2020-02-01 02:31:37', '2020-02-01 02:31:37'),
(191, 13, 'Miss Clotilde Franecki', 'Molestiae iure hic amet recusandae non minima. Molestiae eius illum aut et labore et eum. Eaque omnis optio distinctio voluptas error voluptas. Maiores temporibus sint voluptates quae ut voluptatem.', 2, '2020-02-01 02:31:37', '2020-02-01 02:31:37'),
(192, 27, 'Bret Heidenreich', 'Ducimus accusamus et quis incidunt et quidem. Repellendus maiores tenetur voluptates quia. Neque id quae pariatur doloribus quo.', 3, '2020-02-01 02:31:37', '2020-02-01 02:31:37'),
(193, 44, 'Alysson Effertz', 'Mollitia dolores occaecati sit accusantium magnam optio. Nesciunt voluptatibus quidem cumque facere. Omnis autem perferendis pariatur ipsam non non quibusdam.', 4, '2020-02-01 02:31:37', '2020-02-01 02:31:37'),
(194, 13, 'Mr. Schuyler Corwin III', 'Et necessitatibus nesciunt ipsam et. Ab dignissimos et voluptatibus deleniti nemo ea.', 4, '2020-02-01 02:31:37', '2020-02-01 02:31:37'),
(195, 23, 'Reymundo Schoen MD', 'Sint est architecto ut mollitia aperiam magni quaerat. Dolores optio ut doloremque a harum reiciendis. Est quae dicta rerum qui. Excepturi ipsam modi consequatur sint quod dolor.', 4, '2020-02-01 02:31:37', '2020-02-01 02:31:37'),
(196, 12, 'Mrs. Leanna Howe PhD', 'Omnis laboriosam voluptas aut aliquam repellendus. Ex saepe quae dolorum consequuntur. Provident perferendis qui sit officiis.', 0, '2020-02-01 02:31:37', '2020-02-01 02:31:37'),
(197, 14, 'Callie Mante', 'Sed atque temporibus rerum. Ut facere necessitatibus ut facere dolorum. Expedita eos enim non eligendi nisi cum et.', 2, '2020-02-01 02:31:37', '2020-02-01 02:31:37'),
(198, 44, 'Cicero Dietrich V', 'Atque vel dolor dolorem commodi reprehenderit. Nesciunt reiciendis eos aliquid rem voluptatem ea. Commodi aut ea odio odio. Quisquam neque rerum vitae tempora quasi ab incidunt.', 3, '2020-02-01 02:31:37', '2020-02-01 02:31:37'),
(199, 3, 'Nat Dare MD', 'Dolor autem eligendi quia possimus. Quo eos qui voluptas nostrum aspernatur saepe. Sit assumenda porro architecto exercitationem.', 2, '2020-02-01 02:31:37', '2020-02-01 02:31:37'),
(200, 49, 'Crawford DuBuque', 'Modi non blanditiis vel blanditiis illo vero dolorem dolores. Molestias minus libero impedit rerum sequi necessitatibus nihil. Praesentium pariatur qui itaque.', 1, '2020-02-01 02:31:37', '2020-02-01 02:31:37'),
(201, 20, 'Prof. Abner Cummings', 'Ducimus voluptatem quas velit et. Dignissimos atque vero in doloremque. Perferendis quos enim occaecati nesciunt autem. Saepe optio ut corporis dolor.', 2, '2020-02-01 02:31:38', '2020-02-01 02:31:38'),
(202, 23, 'Randi Rath DVM', 'Neque accusantium qui molestiae ut maiores possimus. Occaecati commodi qui est. Et quia perferendis minus asperiores mollitia enim ducimus. Totam voluptates non omnis molestiae cupiditate.', 4, '2020-02-01 02:31:38', '2020-02-01 02:31:38'),
(203, 44, 'Moriah Nikolaus', 'Corrupti cum perspiciatis ea asperiores. Aspernatur quia dolorum est animi. Qui voluptatum sequi enim dicta sit perspiciatis.', 5, '2020-02-01 02:31:38', '2020-02-01 02:31:38'),
(204, 43, 'Prof. Ernest Blanda', 'Blanditiis ut non in. Incidunt accusamus quidem aut. Ratione ab doloremque velit et voluptates et quos. Odio quia voluptates enim omnis.', 1, '2020-02-01 02:31:38', '2020-02-01 02:31:38'),
(205, 21, 'Sigmund Bogisich', 'Voluptas accusamus dolores expedita amet laudantium rerum. Harum velit esse saepe adipisci ut autem nemo. Praesentium consequatur quo cumque nam.', 0, '2020-02-01 02:31:38', '2020-02-01 02:31:38'),
(206, 48, 'Demond Roob', 'Ut ipsam eum ratione in adipisci error. Deleniti nostrum autem in dolor doloribus mollitia.', 5, '2020-02-01 02:31:38', '2020-02-01 02:31:38');
INSERT INTO `reviews` (`id`, `product_id`, `customer`, `review`, `star`, `created_at`, `updated_at`) VALUES
(207, 36, 'Retta Strosin', 'Distinctio ad eos voluptatem tenetur soluta ut magni. Tenetur accusamus doloribus ex animi autem ea autem possimus. Aut aut consequatur numquam ratione iure consequuntur mollitia enim. Sed at dolores nemo ratione excepturi quisquam.', 4, '2020-02-01 02:31:38', '2020-02-01 02:31:38'),
(208, 21, 'Miss Josefa Harris', 'Praesentium labore reiciendis enim dolor cum. Quaerat est eveniet qui id sit consequatur. Ut tenetur velit harum non unde ut.', 4, '2020-02-01 02:31:38', '2020-02-01 02:31:38'),
(209, 33, 'Jeanette Waelchi', 'Et aut a rerum adipisci vel cumque. Qui voluptatem aut et. Et consequatur quod cumque sequi.', 1, '2020-02-01 02:31:38', '2020-02-01 02:31:38'),
(210, 26, 'Emilio Muller MD', 'Commodi inventore distinctio hic cumque. Dolores vero voluptatum voluptas est odit tempora dolorem earum. Praesentium et magni quasi perspiciatis. Consequatur illo pariatur voluptatem ducimus.', 5, '2020-02-01 02:31:38', '2020-02-01 02:31:38'),
(211, 2, 'Grayce Little', 'Debitis sint amet et aut. Eveniet corrupti et voluptates rerum. Consequatur nihil aut qui a et consequuntur assumenda. Doloremque occaecati porro corrupti et aut earum.', 1, '2020-02-01 02:31:38', '2020-02-01 02:31:38'),
(212, 14, 'Odessa Kozey', 'Beatae nostrum et ex et quisquam culpa ipsa vel. At et a eos sed nam eum. Cupiditate consequatur ut delectus iure.', 1, '2020-02-01 02:31:38', '2020-02-01 02:31:38'),
(213, 21, 'Lilla Pagac', 'Et unde totam fugit est eius necessitatibus. Quia deleniti rerum impedit sapiente quos ad exercitationem. Voluptatibus laboriosam quia unde voluptas cumque. Quam quaerat facere ut.', 2, '2020-02-01 02:31:38', '2020-02-01 02:31:38'),
(214, 27, 'Etha Will', 'Nesciunt sed sed molestiae commodi. Sed possimus ut qui adipisci autem qui. Ex ratione et ut et.', 4, '2020-02-01 02:31:38', '2020-02-01 02:31:38'),
(215, 13, 'Melissa O\'Conner', 'Qui autem nihil excepturi. Non hic omnis tempore ut beatae suscipit nesciunt. Voluptatem voluptate praesentium autem. Doloribus hic recusandae voluptas rerum et eligendi quae.', 3, '2020-02-01 02:31:38', '2020-02-01 02:31:38'),
(216, 44, 'Dr. Gerhard Schinner', 'Facere quia culpa rerum laboriosam voluptatem. Qui delectus nihil minima molestiae velit. Necessitatibus sunt qui et et rerum est.', 0, '2020-02-01 02:31:38', '2020-02-01 02:31:38'),
(217, 16, 'David Padberg', 'Autem adipisci ut suscipit quisquam asperiores modi voluptatum dolorem. Illum et perspiciatis voluptatum porro incidunt. Illo et excepturi nihil assumenda.', 4, '2020-02-01 02:31:38', '2020-02-01 02:31:38'),
(218, 35, 'Ashlynn Bechtelar', 'Suscipit et earum excepturi qui eaque. Repellendus maxime reiciendis reiciendis. Velit libero aut ut quia enim nihil temporibus.', 1, '2020-02-01 02:31:38', '2020-02-01 02:31:38'),
(219, 7, 'Mable Turcotte', 'Iusto est omnis facilis. Eum eligendi et similique distinctio perferendis. Ea omnis nisi voluptas rem ducimus ipsam.', 5, '2020-02-01 02:31:38', '2020-02-01 02:31:38'),
(220, 5, 'Savannah Shanahan', 'Sed eum dicta et enim similique nihil. Ut doloremque quod et labore facere voluptatem deserunt omnis. Facilis ut totam iure consectetur quia. Asperiores quo doloribus totam tenetur vel cumque impedit.', 0, '2020-02-01 02:31:38', '2020-02-01 02:31:38'),
(221, 13, 'Darion Hegmann', 'Voluptas harum facilis veritatis dolorem ab minima at ab. Nostrum nesciunt soluta fugit. Eveniet dolorum quod molestias est impedit reiciendis. Fugiat culpa modi exercitationem est beatae ducimus.', 4, '2020-02-01 02:31:38', '2020-02-01 02:31:38'),
(222, 7, 'Alexzander Borer', 'Pariatur et quibusdam aut quae dolore vel possimus. Et incidunt modi accusantium non asperiores. Sit rerum soluta aut nulla odit sunt dicta. Ea nemo dolorum doloribus.', 5, '2020-02-01 02:31:38', '2020-02-01 02:31:38'),
(223, 11, 'Marisol Gibson', 'Ut tempora officiis enim odit architecto delectus. Ea et quas nihil debitis. Animi voluptatum et debitis non hic inventore.', 3, '2020-02-01 02:31:38', '2020-02-01 02:31:38'),
(224, 48, 'Mattie Block', 'Aut hic doloribus odit quo sunt id id. Eveniet eum non voluptates consequuntur facilis commodi qui. Laborum numquam sunt labore illo ut et natus.', 0, '2020-02-01 02:31:38', '2020-02-01 02:31:38'),
(225, 11, 'Mr. Gregg Kuhlman DDS', 'Atque nihil quisquam perferendis distinctio qui. Mollitia officiis incidunt natus dicta quia totam. Dicta architecto dolorem inventore odio voluptates libero aut. Et quia aliquam unde saepe. Maxime unde sunt dolorem a sint autem.', 1, '2020-02-01 02:31:38', '2020-02-01 02:31:38'),
(226, 12, 'Ms. Madisyn Langosh IV', 'Repudiandae repellendus ab ducimus ipsa magnam ducimus. Ut eos dolores doloribus suscipit quam ut alias. Blanditiis voluptate blanditiis provident magni. Aut sed voluptas necessitatibus vero. Saepe est ea et suscipit.', 3, '2020-02-01 02:31:38', '2020-02-01 02:31:38'),
(227, 46, 'Mr. Aaron Kertzmann II', 'Sit suscipit necessitatibus quia perspiciatis. Quaerat qui error qui repudiandae officiis. Odio aut consequuntur ea aut aperiam.', 5, '2020-02-01 02:31:38', '2020-02-01 02:31:38'),
(228, 48, 'Julius Gaylord', 'Deserunt quisquam quae rerum quia quos porro eos beatae. Porro amet dignissimos qui quia inventore laudantium quia ipsum. Ipsam ratione voluptatem nobis repudiandae nihil corrupti veniam.', 3, '2020-02-01 02:31:39', '2020-02-01 02:31:39'),
(229, 48, 'Jamaal Hettinger', 'Reiciendis doloremque ut veritatis libero dolorem quis magni. Eos qui provident et facilis iusto earum. Illo enim qui architecto.', 2, '2020-02-01 02:31:39', '2020-02-01 02:31:39'),
(230, 25, 'Lew Bartoletti', 'Maxime aut et eius ut minima impedit. Sunt nam similique assumenda tenetur vel. Quo inventore eum architecto distinctio tenetur voluptatibus in. Natus odio voluptatibus consequuntur et.', 2, '2020-02-01 02:31:39', '2020-02-01 02:31:39'),
(231, 2, 'Alessia Connelly', 'Dicta voluptatem itaque et blanditiis soluta ullam. Voluptatum maiores beatae aperiam omnis aut modi laudantium. Impedit eius et quia deleniti.', 4, '2020-02-01 02:31:39', '2020-02-01 02:31:39'),
(232, 20, 'Dr. Joan Mills II', 'Iure enim soluta et velit voluptates. Pariatur corrupti alias quae quibusdam. Voluptatem deserunt ipsum et consequatur provident cupiditate. Rem ut perspiciatis molestiae mollitia et similique.', 0, '2020-02-01 02:31:39', '2020-02-01 02:31:39'),
(233, 7, 'Christy O\'Connell', 'Rerum ex sit vel quae ea natus. Deleniti modi neque dolor enim a corporis. Amet facilis possimus cum debitis maxime enim. Enim est architecto rem cupiditate commodi vero. Laboriosam ut nostrum atque eum voluptatem.', 0, '2020-02-01 02:31:39', '2020-02-01 02:31:39'),
(234, 12, 'Aurelia McDermott', 'Saepe voluptatem eveniet aut consequatur sit placeat autem omnis. Asperiores voluptatum magnam libero officiis et asperiores velit aut. Consectetur et ad iste quia velit et. Dolores rerum delectus facere eum enim nesciunt exercitationem aperiam.', 1, '2020-02-01 02:31:39', '2020-02-01 02:31:39'),
(235, 42, 'Prof. Modesta Weimann', 'Dolorem itaque qui quibusdam soluta et eveniet. Quis quam quo reprehenderit et similique quia. Et modi nihil ut ea eum porro.', 1, '2020-02-01 02:31:39', '2020-02-01 02:31:39'),
(236, 37, 'Jamison Bergstrom', 'Numquam quo voluptate cupiditate nostrum. Veniam culpa qui ad atque. Sed ut debitis vitae sed culpa. Unde aut quo eum omnis sunt sint fuga aliquid.', 5, '2020-02-01 02:31:39', '2020-02-01 02:31:39'),
(237, 22, 'Rogelio Durgan', 'Dolores culpa rerum quia voluptatem beatae vel est. Mollitia aliquid sint ad et. Molestiae dolorem dolorem dolores velit adipisci.', 3, '2020-02-01 02:31:39', '2020-02-01 02:31:39'),
(238, 44, 'Adonis Emmerich', 'Cumque in veniam accusamus voluptates dolores quaerat. Qui sed ut libero nihil ea aut. Qui asperiores dolorem ea quia quaerat eaque.', 1, '2020-02-01 02:31:39', '2020-02-01 02:31:39'),
(239, 18, 'Miss Pinkie Mann', 'Eligendi et omnis neque. Velit deserunt fuga incidunt vero. Veniam aut quis porro est. Tenetur quo ut in aut rerum.', 0, '2020-02-01 02:31:39', '2020-02-01 02:31:39'),
(240, 47, 'Dr. Maryam Ziemann DDS', 'Quam deleniti aut aut assumenda. Possimus sit et accusantium suscipit. Nihil in ad ab aperiam voluptatum. Atque consequatur fugit quis dolor ea. Ut expedita voluptas sit et voluptatem totam.', 2, '2020-02-01 02:31:39', '2020-02-01 02:31:39'),
(241, 13, 'Prof. Camylle Beier III', 'Quis magni id numquam maiores consequatur recusandae est. Molestiae et expedita quidem autem aut eos. Libero illo nesciunt et voluptatem iste.', 3, '2020-02-01 02:31:39', '2020-02-01 02:31:39'),
(242, 7, 'Dr. Angelo Veum', 'Quisquam rerum molestias quia nisi minima voluptas qui. In quos repudiandae quia et fuga repudiandae itaque aut. Voluptatem occaecati sapiente tenetur fugit. Quia et consequatur veritatis sequi modi sit et non.', 0, '2020-02-01 02:31:39', '2020-02-01 02:31:39'),
(243, 43, 'Burnice Pfeffer', 'Commodi ratione nisi amet illo laudantium. Culpa laboriosam suscipit odit. Saepe cupiditate hic perferendis officia repellat.', 4, '2020-02-01 02:31:39', '2020-02-01 02:31:39'),
(244, 30, 'Courtney Beahan', 'Odit dolores aperiam quia ut ratione eum. Sint fugiat officiis numquam dolorem saepe eum eum recusandae. Et vel et sed dolores voluptatem eos eos. Ducimus alias et voluptas. Sed ipsa voluptatem ea delectus.', 1, '2020-02-01 02:31:39', '2020-02-01 02:31:39'),
(245, 18, 'Dr. Dudley Veum', 'Nihil itaque velit et voluptatem. Quas ad voluptas ut ad aut earum facilis. Doloremque laudantium repellendus sint voluptas occaecati ratione optio.', 1, '2020-02-01 02:31:39', '2020-02-01 02:31:39'),
(246, 7, 'Terrill Torp DDS', 'Unde aut laudantium deleniti eos. Qui error beatae quae harum consequatur. Corporis cumque dolore ut sint sunt aliquid sequi qui.', 4, '2020-02-01 02:31:39', '2020-02-01 02:31:39'),
(247, 48, 'Dr. Duane Tromp Sr.', 'Provident in inventore magnam totam architecto est ipsam. Veritatis laboriosam aut praesentium placeat molestiae qui omnis quos. Ex qui nesciunt et eius temporibus.', 4, '2020-02-01 02:31:39', '2020-02-01 02:31:39'),
(248, 14, 'Oscar Rohan', 'Laborum eos totam quasi dicta cum tempore dicta. Sit qui amet autem consequatur. Expedita et a odit reiciendis. At aperiam dolores odio necessitatibus unde. Veniam amet accusamus voluptas exercitationem.', 5, '2020-02-01 02:31:40', '2020-02-01 02:31:40'),
(249, 45, 'Torey Corkery', 'Voluptas modi eos autem quos sint iusto nobis. Molestiae odio sunt magni voluptatibus. Quis illo sit consequuntur. Omnis laboriosam molestiae voluptatum.', 1, '2020-02-01 02:31:40', '2020-02-01 02:31:40'),
(250, 41, 'Maurine Ward', 'Cum ducimus labore qui aut occaecati. Harum praesentium expedita et. Sunt aut ut eos quas quia delectus.', 4, '2020-02-01 02:31:40', '2020-02-01 02:31:40'),
(251, 29, 'Maude Lebsack', 'Cumque quae est facere vero et et. Tempora repellat molestiae vel consequatur.', 5, '2020-02-01 02:31:40', '2020-02-01 02:31:40'),
(252, 3, 'Gay Bauch', 'Commodi autem fuga a doloribus animi accusantium. Voluptas facilis doloribus omnis est reiciendis repellat itaque est. Quisquam iure officiis error ad qui libero nam.', 4, '2020-02-01 02:31:40', '2020-02-01 02:31:40'),
(253, 16, 'Micheal Carroll', 'Et corrupti saepe sit non. Sapiente praesentium non in doloribus.', 4, '2020-02-01 02:31:40', '2020-02-01 02:31:40'),
(254, 43, 'Emelia Hammes', 'Quam vel quia aut et quia iusto. Voluptatem minus corporis vel est voluptatum blanditiis consequuntur. Consequatur odio vero natus sunt porro laborum.', 1, '2020-02-01 02:31:40', '2020-02-01 02:31:40'),
(255, 44, 'Madison Erdman IV', 'Et aut nam qui qui qui. Quidem ex enim vero libero adipisci laborum quidem nihil.', 5, '2020-02-01 02:31:40', '2020-02-01 02:31:40'),
(256, 14, 'Eveline Hoppe', 'Possimus quidem quasi vitae laboriosam in nulla similique. Sit saepe nihil quisquam iste nemo. Optio odit sit iusto.', 0, '2020-02-01 02:31:40', '2020-02-01 02:31:40'),
(257, 37, 'Verda Stroman', 'Nisi qui numquam voluptatibus nulla. Aut vel dolorem eveniet et. Autem omnis nulla libero ea voluptatum doloremque.', 4, '2020-02-01 02:31:40', '2020-02-01 02:31:40'),
(258, 17, 'Josefina Rempel IV', 'Animi fuga quod et architecto dolores qui. Expedita vero inventore necessitatibus. Perspiciatis dolorum enim impedit consequatur esse qui.', 5, '2020-02-01 02:31:40', '2020-02-01 02:31:40'),
(259, 6, 'Prof. Daisha Pollich DVM', 'Eos nam reiciendis voluptas inventore suscipit molestiae. Eaque cum dolores voluptatem aut est accusamus. Fugiat perferendis excepturi sed fuga.', 3, '2020-02-01 02:31:40', '2020-02-01 02:31:40'),
(260, 6, 'Kaley Carroll', 'Nemo nam saepe et quasi. Qui fugit optio a debitis.', 1, '2020-02-01 02:31:40', '2020-02-01 02:31:40'),
(261, 15, 'Prof. Kiel Spinka DVM', 'Quaerat pariatur voluptas et et voluptatem voluptatibus qui. Architecto aperiam ex vel itaque velit. Sit delectus praesentium quia enim qui. Possimus a reprehenderit incidunt exercitationem. Praesentium beatae voluptas hic sunt tempora.', 5, '2020-02-01 02:31:40', '2020-02-01 02:31:40'),
(262, 27, 'Kennith Douglas', 'Nesciunt quidem voluptatibus et. Enim provident ipsam aut eum explicabo perspiciatis corrupti. Eveniet hic aliquid neque libero placeat consectetur eos quis. Explicabo porro consectetur rerum dolor consequuntur fuga voluptas.', 2, '2020-02-01 02:31:40', '2020-02-01 02:31:40'),
(263, 14, 'Marielle Romaguera', 'Sed quis occaecati aut dolorum velit voluptate qui eligendi. Aut adipisci architecto maiores quia. Vel sit fugiat cupiditate sed ipsam et nostrum. Qui est dolore minima dolorem.', 5, '2020-02-01 02:31:40', '2020-02-01 02:31:40'),
(264, 29, 'Conrad Kunze', 'Facilis aut assumenda facere perspiciatis vero deserunt. Exercitationem occaecati autem qui aut et. Eaque vel at aut mollitia.', 5, '2020-02-01 02:31:40', '2020-02-01 02:31:40'),
(265, 12, 'Cornelius VonRueden', 'Explicabo occaecati et eligendi tempora. Nobis commodi reiciendis atque eum earum quo asperiores. Eum saepe magni accusamus.', 4, '2020-02-01 02:31:40', '2020-02-01 02:31:40'),
(266, 12, 'Opal Champlin PhD', 'Odio aut inventore aspernatur ut eius. Enim ut numquam dolores commodi. Quisquam non esse totam minima.', 0, '2020-02-01 02:31:40', '2020-02-01 02:31:40'),
(267, 40, 'Jovanny Erdman', 'Minima et sed deleniti repellat quidem optio. Quia adipisci distinctio quasi pariatur. Qui esse voluptate accusantium nesciunt. Quas dignissimos est nulla totam.', 4, '2020-02-01 02:31:40', '2020-02-01 02:31:40'),
(268, 50, 'Clinton Robel', 'Iste temporibus rerum architecto. Nesciunt et est et at qui qui non.', 5, '2020-02-01 02:31:40', '2020-02-01 02:31:40'),
(269, 29, 'Ross Stoltenberg', 'Aut sed nihil nihil sint rerum. Aut in laborum harum id impedit voluptates. Voluptas cupiditate voluptatum doloremque aut asperiores. Voluptatibus unde possimus fugit eum nobis nesciunt.', 3, '2020-02-01 02:31:40', '2020-02-01 02:31:40'),
(270, 35, 'Miss Nia Schimmel DDS', 'Voluptas totam et inventore autem cumque. Modi et nihil est qui temporibus impedit autem debitis. A omnis laborum dicta possimus fugiat recusandae aspernatur accusantium. Porro aut sed nobis praesentium fuga.', 3, '2020-02-01 02:31:40', '2020-02-01 02:31:40'),
(271, 40, 'Ms. Marilyne Boyle', 'Omnis nulla et mollitia sit asperiores. Molestiae quasi vero quia quas maiores nihil. Et aperiam labore aliquid aliquid nulla id.', 3, '2020-02-01 02:31:40', '2020-02-01 02:31:40'),
(272, 23, 'Prof. Frederic Stokes', 'Sunt qui placeat delectus minima sed dicta et. Quo harum cupiditate odit sit voluptatibus animi. Amet necessitatibus est architecto perspiciatis necessitatibus magni asperiores. In quia tempora consequatur sapiente molestias quia dicta.', 0, '2020-02-01 02:31:40', '2020-02-01 02:31:40'),
(273, 35, 'Quinn Fritsch', 'Ullam veritatis non et facere et ut. Impedit non veritatis laborum rerum non aut. Harum qui et voluptates.', 2, '2020-02-01 02:31:40', '2020-02-01 02:31:40'),
(274, 21, 'Daisy Ernser PhD', 'Iure consectetur illum quam deleniti sequi autem dolorum. Quam ipsa nisi dolor. Temporibus voluptatem quod tempora repellat. Quaerat fugiat similique et sequi aut qui libero fugit.', 4, '2020-02-01 02:31:41', '2020-02-01 02:31:41'),
(275, 23, 'Lonzo Schulist IV', 'Odit quia porro aut saepe. Reprehenderit totam incidunt atque quidem neque reprehenderit est corrupti. Amet omnis architecto rerum nisi quae ut ullam. Ratione velit ut aut velit et quam hic. Alias dolore eos libero et quas illum rem in.', 0, '2020-02-01 02:31:41', '2020-02-01 02:31:41'),
(276, 43, 'Mr. Enoch Robel', 'Dolorem illum laboriosam quibusdam aperiam. Doloribus ipsa eum et debitis est quam. Voluptatem quas maxime voluptatem occaecati aliquam.', 5, '2020-02-01 02:31:41', '2020-02-01 02:31:41'),
(277, 49, 'Mr. Mortimer Fritsch II', 'In unde nemo ipsam. Aut fugiat vel nostrum architecto. Dolore sunt dolore neque sapiente eius.', 1, '2020-02-01 02:31:41', '2020-02-01 02:31:41'),
(278, 13, 'Pablo Hintz IV', 'Pariatur sit aut deserunt aut facilis cum. Accusamus cupiditate consequatur aliquid at. Consectetur totam debitis sit est et est aliquid. Neque sint explicabo minima recusandae ut voluptatem deleniti.', 3, '2020-02-01 02:31:41', '2020-02-01 02:31:41'),
(279, 37, 'Keira Wiegand', 'Tenetur minima illum sed tenetur veniam provident ut. Quod voluptatem nam omnis assumenda. Ratione architecto a dolore alias asperiores soluta consequatur qui. Excepturi totam occaecati qui omnis ratione quia fuga.', 2, '2020-02-01 02:31:41', '2020-02-01 02:31:41'),
(280, 25, 'Morgan Walter', 'Blanditiis at ut vel autem enim ut. Laudantium veniam commodi at voluptatem ea voluptates. Officia qui aut maiores rerum quis. Non autem incidunt et sit.', 3, '2020-02-01 02:31:41', '2020-02-01 02:31:41'),
(281, 2, 'Prof. Eunice Rath MD', 'Tempore odit enim hic consequatur ea. Sit sunt veritatis autem consequatur inventore a nisi architecto. Laboriosam est commodi occaecati et sint veritatis. Harum dolores suscipit ea excepturi. Aperiam est dolorum possimus.', 2, '2020-02-01 02:31:41', '2020-02-01 02:31:41'),
(282, 40, 'Prof. Minnie Powlowski V', 'Alias nam non veniam ut. Omnis aut quod voluptatem porro quis exercitationem. Minus temporibus libero soluta dolor.', 5, '2020-02-01 02:31:41', '2020-02-01 02:31:41'),
(283, 5, 'Prof. Angelina Gulgowski DDS', 'Ducimus fugiat expedita est incidunt ut. Natus illum ex cupiditate nihil nihil tenetur sunt quis. Dolorem tempora quaerat ratione non ut voluptatibus.', 0, '2020-02-01 02:31:41', '2020-02-01 02:31:41'),
(284, 48, 'Kenya Kulas', 'Nihil sit quidem impedit et. Culpa maiores assumenda voluptas in. Eius quae quae tenetur et ut.', 3, '2020-02-01 02:31:41', '2020-02-01 02:31:41'),
(285, 23, 'Vaughn Doyle', 'Iure omnis laudantium quia perspiciatis rem. Sit et harum ut ullam. Accusamus sed natus tempore omnis.', 4, '2020-02-01 02:31:41', '2020-02-01 02:31:41'),
(286, 23, 'Dr. Gilda Smith', 'Et saepe sed ea similique. Numquam ut enim voluptatem soluta aut dignissimos quam velit. Vel vel nesciunt eos dolores quia consequatur molestiae.', 3, '2020-02-01 02:31:41', '2020-02-01 02:31:41'),
(287, 45, 'Mr. Chester Kassulke', 'Aliquid asperiores ut nihil magnam praesentium maiores. Cumque nesciunt quae corporis odio. Et reiciendis fuga esse velit hic.', 4, '2020-02-01 02:31:41', '2020-02-01 02:31:41'),
(288, 1, 'Elsie Rutherford III', 'Dolorem ut nihil sunt. Harum neque ut nulla sed repellat quod consequatur. Unde dolor pariatur incidunt iure.', 0, '2020-02-01 02:31:41', '2020-02-01 02:31:41'),
(289, 35, 'Madyson Frami', 'Ratione odit ut commodi fugiat sequi eos sit. Tempore ut molestiae enim neque. Magnam architecto asperiores et impedit animi.', 0, '2020-02-01 02:31:41', '2020-02-01 02:31:41'),
(290, 47, 'Mafalda Breitenberg', 'Et temporibus porro et praesentium reiciendis. Alias magni dolores perferendis eos et. Placeat alias dolorum eveniet sint praesentium et.', 0, '2020-02-01 02:31:41', '2020-02-01 02:31:41'),
(291, 5, 'Mr. Alek Schmeler DDS', 'Et laudantium dolores non culpa vitae. Pariatur tempore non deleniti ut fuga laboriosam alias. Perspiciatis magnam rerum quo recusandae id dignissimos.', 0, '2020-02-01 02:31:41', '2020-02-01 02:31:41'),
(292, 38, 'Katarina Mayert', 'Eos non quod rerum facilis doloribus. Eos doloribus sint eveniet autem odit. Iure magnam voluptatem rem in laboriosam.', 1, '2020-02-01 02:31:41', '2020-02-01 02:31:41'),
(293, 50, 'Reginald Jones', 'Eius eveniet sint quae incidunt. Est aut aut sunt et dicta. Earum beatae sed atque sed quae et aspernatur. Delectus at aut architecto earum ipsum numquam nihil.', 1, '2020-02-01 02:31:41', '2020-02-01 02:31:41'),
(294, 24, 'Abner Heller', 'Laudantium fuga doloribus consequatur dolor modi. Quo deserunt nobis dolorum molestiae. Non dolores beatae repudiandae sit quo beatae. Voluptate aspernatur nam maxime a voluptatem atque facilis.', 0, '2020-02-01 02:31:41', '2020-02-01 02:31:41'),
(295, 9, 'Brett Wintheiser', 'Ut vero consequatur distinctio illo. Libero rem deleniti laudantium nihil commodi voluptatum eos. In est quaerat explicabo.', 3, '2020-02-01 02:31:41', '2020-02-01 02:31:41'),
(296, 40, 'Deron Pollich', 'Voluptatem tenetur sit sit suscipit. Voluptatem ipsam aut molestias nulla beatae.', 5, '2020-02-01 02:31:41', '2020-02-01 02:31:41'),
(297, 1, 'Dr. Laney Kuhlman Jr.', 'Quia et earum enim quo odit et sunt. Laudantium exercitationem fugiat iste cum autem. Excepturi impedit vero quia vitae.', 3, '2020-02-01 02:31:41', '2020-02-01 02:31:41'),
(298, 50, 'Osbaldo Olson', 'Non exercitationem maxime fugit aut impedit minus ut. Repellat quae quasi magnam maxime. In et in consequatur veniam adipisci.', 4, '2020-02-01 02:31:41', '2020-02-01 02:31:41'),
(299, 21, 'Prof. Ismael Hagenes V', 'Iusto omnis et cum possimus sunt laborum. Sit dignissimos quo aut voluptate sit natus sint nihil. Aut rerum neque a harum.', 3, '2020-02-01 02:31:41', '2020-02-01 02:31:41'),
(300, 22, 'Glenna Padberg MD', 'Ut laudantium dolor cum reiciendis. Porro quaerat nihil deleniti voluptate quas qui. Fuga esse molestiae ipsum.', 2, '2020-02-01 02:31:41', '2020-02-01 02:31:41');

-- --------------------------------------------------------

--
-- Table structure for table `users`
--

CREATE TABLE `users` (
  `id` bigint(20) UNSIGNED NOT NULL,
  `name` varchar(255) COLLATE utf8mb4_unicode_ci NOT NULL,
  `email` varchar(255) COLLATE utf8mb4_unicode_ci NOT NULL,
  `email_verified_at` timestamp NULL DEFAULT NULL,
  `password` varchar(255) COLLATE utf8mb4_unicode_ci NOT NULL,
  `remember_token` varchar(100) COLLATE utf8mb4_unicode_ci DEFAULT NULL,
  `created_at` timestamp NULL DEFAULT NULL,
  `updated_at` timestamp NULL DEFAULT NULL
) ENGINE=InnoDB DEFAULT CHARSET=utf8mb4 COLLATE=utf8mb4_unicode_ci;

--
-- Indexes for dumped tables
--

--
-- Indexes for table `migrations`
--
ALTER TABLE `migrations`
  ADD PRIMARY KEY (`id`);

--
-- Indexes for table `password_resets`
--
ALTER TABLE `password_resets`
  ADD KEY `password_resets_email_index` (`email`);

--
-- Indexes for table `products`
--
ALTER TABLE `products`
  ADD PRIMARY KEY (`id`);

--
-- Indexes for table `reviews`
--
ALTER TABLE `reviews`
  ADD PRIMARY KEY (`id`);

--
-- Indexes for table `users`
--
ALTER TABLE `users`
  ADD PRIMARY KEY (`id`),
  ADD UNIQUE KEY `users_email_unique` (`email`);

--
-- AUTO_INCREMENT for dumped tables
--

--
-- AUTO_INCREMENT for table `migrations`
--
ALTER TABLE `migrations`
  MODIFY `id` int(10) UNSIGNED NOT NULL AUTO_INCREMENT, AUTO_INCREMENT=4;

--
-- AUTO_INCREMENT for table `products`
--
ALTER TABLE `products`
  MODIFY `id` int(10) UNSIGNED NOT NULL AUTO_INCREMENT, AUTO_INCREMENT=51;

--
-- AUTO_INCREMENT for table `reviews`
--
ALTER TABLE `reviews`
  MODIFY `id` int(10) UNSIGNED NOT NULL AUTO_INCREMENT, AUTO_INCREMENT=301;

--
-- AUTO_INCREMENT for table `users`
--
ALTER TABLE `users`
  MODIFY `id` bigint(20) UNSIGNED NOT NULL AUTO_INCREMENT;
COMMIT;

/*!40101 SET CHARACTER_SET_CLIENT=@OLD_CHARACTER_SET_CLIENT */;
/*!40101 SET CHARACTER_SET_RESULTS=@OLD_CHARACTER_SET_RESULTS */;
/*!40101 SET COLLATION_CONNECTION=@OLD_COLLATION_CONNECTION */;
